date,open,high,low,close,volume,preClose,changeRatio,thscode
2021-05-12,210.16,210.78,203.41,203.56,4197103,212.68,-3.979752138244,HON
2021-05-13,203.28,209.32,203.19,208.13,2905724,203.56,1.654244682785,HON
2021-05-14,210.19,212.68,209.3,211.81,2081307,208.13,1.6452074391989,HON
2021-05-17,212.31,212.31,209.185,210.92,2058051,211.81,-0.39144968332161,HON
2021-05-18,209.82,210.435,206.68,206.77,2400421,210.92,-1.8324722921358,HON
2021-05-19,205.12,205.92,201.23,205.77,3050216,206.77,-0.44980208708168,HON
2021-05-20,204.937,207.34,204.92,206.58,2207835,205.77,0.36598590276523,HON
2021-05-21,207.45,210.075,207.11,207.65,2274600,206.58,0.48169990546076,HON
2021-05-24,208.95,209.965,207.62,209.45,1813542,207.65,0.80645161290323,HON
2021-05-25,209.45,210.16,207.84,208.49,1804635,209.45,-0.42666666666667,HON
2021-05-26,209.41,209.44,207.76,208.72,1748116,208.49,0.102660239243,HON
2021-05-27,211.14,216.19,211.04,215.72,6647173,208.72,3.1212377937308,HON
2021-05-28,216.45,216.69,214.76,215.36,2529345,215.72,-0.1556622129978,HON
2021-06-01,217.34,218.14,215.96,217.4,2234146,215.36,0.88346108873587,HON
2021-06-02,218.47,218.47,214.95,215.19,2225389,217.4,-0.94870143807683,HON
2021-06-03,215.16,216.09,212.92,213.65,2321294,215.19,-0.66741787293058,HON
2021-06-04,214.21,215.2,213.636,214.5,1299971,213.65,0.37085514834207,HON
2021-06-07,213.96,214.81,211.98,212.64,2032479,214.5,-0.8085198869811,HON
2021-06-08,212.76,215.27,211.89,214.26,1720583,212.64,0.70993470353653,HON
2021-06-09,214.27,214.85,212.05,212.26,1973581,214.26,-0.87028414777425,HON
2021-06-10,213.57,214.51,210.6,210.7,2223555,212.26,-0.68478117729687,HON
2021-06-11,212.2,212.78,208.41,209.63,1998905,210.7,-0.47292817679558,HON
2021-06-14,209.37,209.4,207.18,207.62,2586062,209.63,-0.89261923794299,HON
2021-06-15,207.47,208.31,206.12,206.95,2063234,207.62,-0.30021956356141,HON
2021-06-16,206.95,207.35,203.05,203.44,3052341,206.95,-1.5775280898876,HON
2021-06-17,203.65,204.65,199.175,200.74,2425675,203.44,-1.2329330106398,HON
2021-06-18,198.05,199.74,196.41,196.95,5426523,200.74,-1.7522770354616,HON
2021-06-21,199.19,201.88,198.79,200.45,2872355,196.95,1.6470588235294,HON
2021-06-22,200.13,201.25,199.33,199.94,2111039,200.45,-0.23611111111111,HON
2021-06-23,200.12,200.82,199.01,199.11,2234542,199.94,-0.38516868532183,HON
2021-06-24,200.24,202.49,199.1,202.14,3364493,199.11,1.4115345197056,HON
2021-06-25,202.32,204.62,201.78,203.19,5219111,202.14,0.48233726859296,HON
2021-06-28,203.57,204.56,200.75,201.24,2360334,203.19,-0.89146932431198,HON
2021-06-29,201.48,202.81,199.87,200.4,3001976,201.24,-0.38747174685179,HON
2021-06-30,199.98,204.31,199.98,203.8,2866404,200.4,1.5744385274369,HON
2021-07-01,205.03,205.71,204.11,205.07,1630291,203.8,0.57898335992706,HON
2021-07-02,205.44,206.5,204.164,205.77,1543562,205.07,0.3172876439126,HON
2021-07-06,204.54,205.4,200.38,203.01,1935849,205.77,-1.2470630760889,HON
2021-07-07,202.48,206.04,202.46,205.19,1563360,203.01,0.99743777452416,HON
2021-07-08,203.01,205.163,201.582,203.77,2404704,205.19,-0.64329074929782,HON
2021-07-09,205.48,209.05,205.19,208.79,2161837,203.77,2.2888929418202,HON
2021-07-12,207.33,210.15,206.58,209.47,2066264,208.79,0.30311134884551,HON
2021-07-13,210.3,210.3,208.16,208.53,1417408,209.47,-0.41774064527597,HON
2021-07-14,208.618,213.21,208.618,212.22,2631846,208.53,1.6467333095323,HON
2021-07-15,214.45,217.88,213.49,217.26,5546799,212.22,2.2127584844361,HON
2021-07-16,216.64,218.31,214.07,214.78,3592832,217.26,-1.0652463382157,HON
2021-07-19,210.12,211.06,204.46,205.11,6107148,214.78,-4.19832414362,HON
2021-07-20,206.09,215.72,205.95,214.11,28237085,205.11,4.078673071694,HON
2021-07-21,213.65,216.524,213.18,216.3,4554650,214.11,0.95358355830358,HON
2021-07-22,217.16,218.7,214.58,217.19,3680233,216.3,0.38386888074187,HON
2021-07-23,213.45,215.57,210.631,213.77,3908545,217.19,-1.4694508894045,HON
2021-07-26,212.934,214.21,209.67,213.7,2776861,213.77,-0.030525030525028,HON
2021-07-27,213.13,216.72,212.54,214.81,2167071,213.7,0.48418756815704,HON
2021-07-28,214.52,216.73,213.82,214.94,1713878,214.81,0.056433408577876,HON
2021-07-29,217.34,217.7,215.785,217.33,1501860,214.94,1.0369213414899,HON
2021-07-30,217.24,218.39,216.53,218.24,2237334,217.33,0.39075918928203,HON
2021-08-02,219.59,221.31,216.67,216.87,2025488,218.24,-0.58599597929766,HON
2021-08-03,217.62,218.304,215.03,217.1,1782979,216.87,0.098958781516228,HON
2021-08-04,216.25,217.43,213.356,214.04,2324080,217.1,-1.3152804642166,HON
2021-08-05,213.98,216.0,213.4,214.33,1467161,214.04,0.12631212160808,HON
2021-08-06,214.45,215.34,213.46,214.13,1327491,214.33,-0.087001914042104,HON
2021-08-09,213.22,213.77,212.0,212.68,1369877,214.13,-0.63131313131314,HON
2021-08-10,212.86,216.52,212.57,216.33,2389094,212.68,1.5992639004513,HON
2021-08-11,217.05,219.128,216.315,218.63,2098537,216.33,0.99189235811627,HON
2021-08-12,218.9,219.125,216.08,217.32,1917371,218.63,-0.95652916559912,HON
2021-08-13,217.23,218.04,216.53,217.14,1404791,217.32,-0.07760627748556,HON
2021-08-16,217.24,219.18,215.55,219.12,1794620,217.14,0.8543320676562,HON
2021-08-17,218.57,219.08,213.72,216.83,2679136,219.12,-0.97972105758536,HON
2021-08-18,215.34,216.87,213.62,213.8,2555304,216.83,-1.3091380427738,HON
2021-08-19,212.96,214.618,211.42,213.11,1945127,213.8,-0.30207512477016,HON
2021-08-20,213.51,214.11,211.89,213.08,2081067,213.11,-0.013173494928205,HON
2021-08-23,212.63,216.99,212.63,214.49,2143468,213.08,0.61923583662715,HON
2021-08-24,214.23,216.295,213.69,215.82,1265726,214.49,0.58050717995722,HON
2021-08-25,216.24,217.721,214.18,216.04,1804246,215.82,0.095469536538795,HON
2021-08-26,215.46,216.56,214.81,216.26,1303319,216.04,0.095378479146796,HON
2021-08-27,216.96,218.935,216.04,216.52,1663624,216.26,0.11261261261261,HON
2021-08-30,216.6,218.16,215.94,217.25,1318283,216.52,0.3158259063771,HON
2021-08-31,216.81,218.03,215.95,217.29,1956313,217.25,0.017251045844651,HON
2021-09-01,218.33,218.57,214.68,215.18,2484573,217.29,-0.9098357121297,HON
2021-09-02,216.3,216.82,215.15,216.35,1594550,215.18,0.50913838120104,HON
2021-09-03,216.38,216.38,213.15,213.74,1622429,216.35,-1.1300168853098,HON
2021-09-07,213.08,213.08,208.15,208.31,3222871,213.74,-2.3778244876511,HON
2021-09-08,208.13,210.28,207.2,209.78,2428562,208.31,0.65939981160005,HON
2021-09-09,209.29,210.36,207.71,208.31,1937886,209.78,-0.65508021390374,HON
2021-09-10,208.35,210.57,207.59,207.75,2357909,208.31,-0.25119992822859,HON
2021-09-13,209.695,211.09,207.59,208.98,2771647,207.75,0.55313216710887,HON
2021-09-14,209.43,209.5,205.09,205.57,2699929,208.98,-1.5250447227191,HON
2021-09-15,206.01,208.29,205.52,207.07,2021753,205.57,0.68122984695036,HON
2021-09-16,206.65,206.79,203.9,205.03,2393535,207.07,-0.9202038883125,HON
2021-09-17,205.24,205.24,202.88,203.87,4391758,205.03,-0.52811290689734,HON
2021-09-20,201.47,203.22,199.57,201.11,4008647,203.87,-1.2632157078127,HON
2021-09-21,202.17,202.32,199.73,200.28,2568859,201.11,-0.38474018448986,HON
2021-09-22,201.82,203.809,201.7,202.4,2281095,200.28,0.9865053513262,HON
2021-09-23,202.68,206.751,202.68,205.08,2180071,202.4,1.2349092249562,HON
2021-09-24,205.12,206.19,203.85,204.57,1949073,205.08,-0.23213472917615,HON
2021-09-27,204.32,205.21,203.11,203.28,2199324,204.57,-0.58853049865413,HON
2021-09-28,202.0,203.73,199.85,200.35,2654294,203.28,-1.3446535107848,HON
2021-09-29,201.21,201.79,199.93,200.3,2109054,200.35,-0.023259059403643,HON
2021-09-30,201.55,201.625,197.48,197.66,2934371,200.3,-1.2283640424344,HON
2021-10-01,198.36,201.801,197.015,201.03,2276496,197.66,1.5875259091766,HON
2021-10-04,200.63,202.0,198.57,199.59,2632280,201.03,-0.66774866682124,HON
2021-10-05,198.99,202.43,198.99,201.1,1560184,199.59,0.7049157368937,HON
2021-10-06,199.15,202.37,198.5,202.24,1736021,201.1,0.5284628221769,HON
2021-10-07,203.38,205.24,203.09,203.75,1852850,202.24,0.69630176150511,HON
2021-10-08,204.06,204.93,202.12,203.08,1344880,203.75,-0.30681870220269,HON
2021-10-11,202.76,203.6,200.64,200.67,1355214,203.08,-1.1070280202113,HON
2021-10-12,201.08,201.62,199.31,199.71,1383809,200.67,-0.44591016768079,HON
2021-10-13,200.67,202.06,198.32,200.96,1600202,199.71,0.58321280268744,HON
2021-10-14,202.54,204.16,201.909,203.97,1425556,200.96,1.396233416829,HON
2021-10-15,205.68,206.83,204.64,206.1,2180601,203.97,0.97442700946978,HON
2021-10-18,203.96,206.85,203.22,206.01,1883500,206.1,-0.040775643349041,HON
2021-10-19,206.74,207.22,204.84,207.16,1599630,206.01,0.52123464624031,HON
2021-10-20,207.61,209.07,206.21,209.02,1657049,207.16,0.83866895121291,HON
2021-10-21,209.0,210.24,206.62,209.9,2649235,209.02,0.39348953675551,HON
2021-10-22,208.349,209.28,202.62,202.78,3498592,209.9,-3.1712096917869,HON
2021-10-25,202.19,204.38,201.025,202.92,2710431,202.78,0.06439742410303,HON
2021-10-26,203.58,205.85,202.15,203.7,2443872,202.92,0.35855474855199,HON
2021-10-27,203.48,203.543,200.599,201.1,1647056,203.7,-1.1909124221326,HON
2021-10-28,199.76,204.159,199.76,203.86,1947870,201.1,1.279436306323,HON
2021-10-29,203.38,205.68,202.44,204.0,2615366,203.86,0.064079091907733,HON
2021-11-01,204.08,205.43,203.455,205.14,1697845,204.0,0.52145274906229,HON
2021-11-02,205.92,207.35,204.632,206.57,2297369,205.14,0.65070986530761,HON
2021-11-03,206.29,208.43,204.96,208.18,2057280,206.57,0.72788100727882,HON
2021-11-04,208.05,210.22,207.46,207.87,2320165,208.18,-0.13913824057451,HON
2021-11-05,209.62,212.99,209.2,211.44,2329234,207.87,1.6045664973707,HON
2021-11-08,212.99,213.62,209.76,211.11,1715363,211.44,-0.14597894364329,HON
2021-11-09,211.08,213.64,210.73,213.13,2368989,211.11,0.89487440747796,HON
2021-11-10,213.63,214.27,211.54,211.77,1324945,213.13,-1.0274423710209,HON
2021-11-11,211.86,211.86,206.955,207.37,1595894,211.77,-1.9519985803647,HON
2021-11-12,208.3,208.9,205.86,208.75,2184650,207.37,0.62440613546898,HON
2021-11-15,208.99,210.401,208.0,208.83,1207918,208.75,0.035972840505424,HON
2021-11-16,208.98,209.64,207.42,207.73,1648547,208.83,-0.49444868971097,HON
2021-11-17,207.35,207.645,205.964,206.85,1896561,207.73,-0.39752450648236,HON
2021-11-18,205.855,207.31,205.38,207.06,1688332,206.85,0.095242414621969,HON
2021-11-19,207.37,207.56,203.53,204.85,2096134,207.06,-1.0013593112823,HON
2021-11-22,204.69,207.41,204.39,204.5,2453069,204.85,-0.16019039772988,HON
2021-11-23,203.72,204.82,201.505,202.36,4021450,204.5,-0.98102136242779,HON
2021-11-24,201.5,202.27,198.2,198.57,3266034,202.36,-1.7546296296296,HON
2021-11-26,191.31,195.36,188.93,194.57,3857777,198.57,-1.8849253098346,HON
2021-11-29,196.57,196.57,193.36,194.02,2598424,194.57,-0.26415638057731,HON
2021-11-30,192.589,192.83,187.47,188.6,5680329,194.02,-2.6100356351729,HON
2021-12-01,192.01,192.24,185.54,185.78,3123566,188.6,-1.3943829113924,HON
2021-12-02,187.315,191.81,185.86,190.36,6004852,185.78,2.2966603149133,HON
2021-12-03,190.37,190.84,187.36,189.86,3545862,190.36,-0.24509803921569,HON
2021-12-06,191.59,194.45,191.23,192.61,4376615,189.86,1.3513513513514,HON
2021-12-07,193.69,195.96,192.12,193.51,4786706,192.61,0.43636363636364,HON
2021-12-08,191.2,191.69,188.88,191.01,4997401,193.51,-1.2068549360367,HON
2021-12-09,190.94,193.52,189.31,192.36,4992004,191.01,0.6596628389934,HON
2021-12-10,193.2,196.4,192.18,196.17,3410195,192.36,1.8495145631068,HON
2021-12-13,196.16,197.11,194.96,195.59,2892303,196.17,-0.27644058910443,HON
2021-12-14,195.19,197.9,192.27,193.04,3790608,195.59,-1.218754480715,HON
2021-12-15,193.906,196.76,191.6,196.12,2951968,193.04,1.4902264370041,HON
2021-12-16,197.61,197.64,195.66,195.97,2993212,196.12,-0.071510297482827,HON
2021-12-17,195.82,196.47,191.07,191.53,5586775,195.97,-2.118219550594,HON
2021-12-20,188.48,189.015,184.46,186.21,3387351,191.53,-2.5929716820198,HON
2021-12-21,187.51,189.14,186.67,188.03,2628177,186.21,0.91068301225919,HON
2021-12-22,187.58,188.36,186.44,188.2,3111103,188.03,0.084296127336746,HON
2021-12-23,189.56,192.67,189.36,191.58,2376110,188.2,1.6745937376139,HON
2021-12-27,192.05,193.0,191.271,192.79,2486485,191.58,0.58961114901082,HON
2021-12-28,192.83,194.47,192.58,193.41,1971693,192.79,0.30034394225646,HON
2021-12-29,194.27,194.4,192.82,193.89,1714622,193.41,0.23182806085486,HON
2021-12-30,194.46,195.26,193.27,193.47,1273142,193.89,-0.20238037874042,HON
2021-12-31,193.22,195.55,192.74,194.87,1536608,193.47,0.67596929168074,HON
2022-01-03,194.22,195.71,191.92,193.16,2580319,194.87,-0.82010455134045,HON
2022-01-04,193.067,195.91,192.01,195.36,3256352,193.16,1.063829787234,HON
2022-01-05,195.895,201.94,195.48,197.42,4088544,195.36,0.98564593301436,HON
2022-01-06,198.16,200.71,196.98,197.18,3270381,197.42,-0.11371174073724,HON
2022-01-07,198.51,203.67,197.93,202.11,3056849,197.18,2.3384878095057,HON
2022-01-10,202.03,202.82,198.22,199.82,3453916,202.11,-1.0614136732329,HON
2022-01-11,200.78,203.35,197.88,202.67,3529470,199.82,1.3351447578001,HON
2022-01-12,203.85,205.55,203.71,204.61,3104952,202.67,0.89686098654708,HON
2022-01-13,204.76,208.25,204.43,205.79,3082748,204.61,0.54066437571593,HON
2022-01-14,203.97,204.33,201.72,204.01,3343058,205.79,-0.81119263546461,HON
2022-01-18,201.24,202.3,198.415,199.95,3055230,204.01,-1.8653801975649,HON
2022-01-19,200.77,201.13,196.96,197.09,2614766,199.95,-1.3390139987827,HON
2022-01-20,198.04,200.81,195.085,195.28,2568693,197.09,-0.8589189958715,HON
2022-01-21,195.62,195.96,191.32,191.46,4440824,195.28,-1.8284510817538,HON
2022-01-24,190.56,191.14,185.34,190.81,5464828,191.46,-0.31691857630424,HON
2022-01-25,187.07,190.15,184.27,188.66,5237794,190.81,-1.0516018586451,HON
2022-01-26,189.513,192.245,185.08,187.01,3387572,188.66,-0.81562036579338,HON
2022-01-27,189.43,191.188,185.62,187.01,2755006,187.01,0.0,HON
2022-01-28,186.74,188.41,182.41,188.35,3392298,187.01,0.66782955394967,HON
2022-01-31,186.92,191.34,185.67,190.84,3297761,188.35,1.2327342937769,HON
2022-02-01,190.29,192.18,187.87,191.7,3053276,190.84,0.42057902973397,HON
2022-02-02,191.78,194.2,191.0,193.91,2835943,191.7,1.0762637576702,HON
2022-02-03,186.52,187.36,177.94,178.1,8679876,193.91,-7.6174415803421,HON
2022-02-04,178.23,179.15,174.39,177.86,5479941,178.1,-0.12516950036508,HON
2022-02-07,178.51,180.95,177.17,178.84,3457837,177.86,0.51174934725848,HON
2022-02-08,178.84,181.42,177.41,180.92,2735815,178.84,1.0806317539485,HON
2022-02-09,182.48,183.375,181.05,182.98,3210659,180.92,1.0587993421053,HON
2022-02-10,180.47,183.328,177.38,178.11,3659592,182.98,-2.4768589156749,HON
2022-02-11,178.17,179.25,172.908,173.35,5323489,178.11,-2.4823989569752,HON
2022-02-14,173.74,174.78,170.9,173.05,3156940,173.35,-0.16043638697257,HON
2022-02-15,174.54,176.29,172.89,175.89,2873460,173.05,1.5212384166265,HON
2022-02-16,175.9,176.16,173.16,175.42,3085564,175.89,-0.24798184983908,HON
2022-02-17,173.84,174.24,170.66,170.95,3075953,175.42,-2.3643287845129,HON
2022-02-18,170.29,171.42,167.75,168.49,5038397,170.95,-1.332683243946,HON
2022-02-22,169.48,171.64,167.3,168.92,4008122,168.49,0.23609509690881,HON
2022-02-23,169.93,170.24,165.16,165.32,3582435,168.92,-1.9719544259422,HON
2022-02-24,162.29,170.03,161.76,169.68,5899657,165.32,1.8886902101028,HON
2022-02-25,169.44,176.86,169.41,175.9,5001199,169.68,3.4112098277942,HON
2022-02-28,173.39,177.28,173.39,177.09,4111058,175.9,0.63109885447603,HON
2022-03-01,173.99,177.19,170.27,170.94,5463161,177.09,-3.2411067193676,HON
2022-03-02,172.68,175.59,171.5,173.78,5340717,170.94,1.5468409586057,HON
2022-03-03,176.81,179.185,174.46,174.86,5022911,173.78,0.57927483372667,HON
2022-03-04,172.99,175.01,171.86,174.77,5085722,174.86,-0.047994880546077,HON
2022-03-07,174.38,174.64,169.36,169.5,3533784,174.77,-2.811716374113,HON
2022-03-08,169.53,174.36,169.46,170.58,4575023,169.5,0.59288537549408,HON
2022-03-09,173.7,174.57,172.23,172.74,2899407,170.58,1.1787819253438,HON
2022-03-10,169.88,172.45,169.56,171.7,2455436,172.74,-0.56094929881337,HON
2022-03-11,173.72,174.27,169.37,169.58,2725571,171.7,-1.1499240616186,HON
2022-03-14,170.81,172.55,170.06,170.54,3002074,169.58,0.52677787532922,HON
2022-03-15,172.47,175.505,172.132,175.13,3922915,170.54,2.5054585152838,HON
2022-03-16,176.94,178.59,173.86,178.37,4132940,175.13,1.7253314872996,HON
2022-03-17,176.99,179.95,176.54,179.27,3153510,178.37,0.47113018897556,HON
2022-03-18,179.11,182.26,177.14,182.06,8748601,179.27,1.4536549783775,HON
2022-03-21,180.91,181.75,178.86,180.36,3500793,182.06,-0.87304847986852,HON
2022-03-22,180.48,183.26,180.48,182.37,2369457,180.36,1.0413428660242,HON
2022-03-23,181.78,182.3,179.35,179.68,1816058,182.37,-1.3792749833359,HON
2022-03-24,180.52,182.06,179.39,182.03,2197837,179.68,1.2217947384839,HON
2022-03-25,182.69,185.7,182.66,185.13,2543341,182.03,1.5922748985567,HON
2022-03-28,184.43,184.68,181.59,184.45,3270571,185.13,-0.34379897871479,HON
2022-03-29,186.42,186.73,182.17,184.88,3350349,184.45,0.21815230074577,HON
2022-03-30,184.46,185.52,183.03,183.88,2427649,184.88,-0.50622658702035,HON
2022-03-31,184.01,185.55,181.89,181.92,3276021,183.88,-0.99725246769104,HON
2022-04-01,183.24,183.45,180.84,183.37,2286690,181.92,0.74519477849727,HON
2022-04-04,182.67,183.97,180.78,183.41,2051246,183.37,0.020405040044887,HON
2022-04-05,181.98,183.81,180.43,180.97,2293764,183.41,-1.244453511501,HON
2022-04-06,179.26,182.41,178.47,180.96,2942568,180.97,-0.0051644889738113,HON
2022-04-07,179.84,180.94,175.78,180.04,2201507,180.96,-0.47515752504907,HON
2022-04-08,180.34,180.726,177.15,177.5,2877835,180.04,-1.318111053451,HON
2022-04-11,177.61,178.59,176.07,176.61,2700765,177.5,-0.46802692469499,HON
2022-04-12,178.24,180.23,177.34,178.33,3098751,176.61,0.90875468906853,HON
2022-04-13,179.17,182.35,178.66,182.19,2391299,178.33,2.02104822242,HON
2022-04-14,182.51,184.04,182.25,182.53,4275787,182.19,0.17449319989736,HON
2022-04-18,181.63,183.22,178.475,179.41,1957966,182.53,-1.5984425431631,HON
2022-04-19,180.41,184.7,179.91,184.54,3340660,179.41,2.6709012339251,HON
2022-04-20,185.52,186.84,183.35,183.68,2622963,184.54,-0.43610547667342,HON
2022-04-21,185.3,187.93,182.8,183.28,2418313,183.68,-0.20372822654579,HON
2022-04-22,181.94,181.96,177.69,177.97,3040800,183.28,-2.7100132693682,HON
2022-04-25,177.67,179.24,174.67,179.16,2397533,177.97,0.62424592141845,HON
2022-04-26,176.85,178.195,174.91,175.01,2848994,179.16,-2.1634866020227,HON
2022-04-27,173.78,176.12,173.1,173.69,3053472,175.01,-0.70336228486172,HON
2022-04-28,175.12,178.01,172.59,177.26,3429085,173.69,1.9157499329219,HON
2022-04-29,187.53,189.33,180.21,180.85,7248712,177.26,1.8902695871946,HON
2022-05-02,181.83,188.261,179.27,184.21,7099626,180.85,1.7363443749677,HON
2022-05-03,183.66,185.69,182.59,184.38,5359761,184.21,0.086351399400613,HON
2022-05-04,184.83,193.735,184.69,193.19,5483655,184.38,4.471173365814,HON
2022-05-05,191.04,192.01,183.81,185.21,5759026,193.19,-3.8766091814428,HON
2022-05-06,184.62,184.76,180.5,182.77,3624831,185.21,-1.2331328650124,HON
2022-05-09,182.45,183.14,179.7,181.3,3781393,182.77,-0.75218748400962,HON
2022-05-10,183.62,184.58,179.56,182.11,4767477,181.3,0.41761187873789,HON
2022-05-11,182.17,184.2,178.76,179.36,3283946,182.11,-1.4119217538635,HON
2022-05-12,179.3,183.07,177.01,181.24,3990482,179.36,0.46870117696072,HON
2022-05-13,181.73,183.27,179.25,181.85,3237414,181.24,0.31619324072155,HON
2022-05-16,181.92,183.61,180.65,182.28,2624245,181.85,0.22218777450525,HON
2022-05-17,184.29,188.37,184.12,187.38,2723983,182.28,2.6294081253867,HON
2022-05-18,186.081,187.01,181.57,182.19,3185867,187.38,-2.6072540942429,HON
2022-05-19,180.35,183.53,176.44,180.97,3126270,182.19,-0.62928766699335,HON
2022-05-20,181.85,182.525,174.1,178.07,3884143,180.97,-1.5053205294576,HON
2022-05-23,180.23,180.5,176.82,177.9,3726022,178.07,-0.089591567852431,HON
2022-05-24,177.63,179.08,173.21,178.28,2842360,177.9,0.20044308471357,HON
2022-05-25,177.44,179.49,175.02,178.76,2512134,178.28,0.25268477574226,HON
2022-05-26,179.6,182.5,179.51,181.42,2238663,178.76,1.3967653854232,HON
2022-05-27,183.31,184.71,182.36,184.67,2246473,181.42,1.6830657690316,HON
2022-05-31,181.88,183.71,179.89,181.94,3503484,184.67,-1.3903743315508,HON
2022-06-01,182.82,183.04,178.71,180.23,2361281,181.94,-0.88317322590642,HON
2022-06-02,182.11,185.52,180.38,185.36,2510823,180.23,2.6731280287635,HON
2022-06-03,183.67,184.491,181.93,183.14,2254927,185.36,-1.1266747868453,HON
2022-06-06,184.91,185.29,182.81,183.51,1586153,183.14,0.18991889949697,HON
2022-06-07,181.95,186.31,180.47,185.94,2130094,183.51,1.2449408268866,HON
2022-06-08,184.96,185.2,181.94,182.84,1688848,185.94,-1.5686671389535,HON
2022-06-09,181.56,183.899,180.17,180.33,1674875,182.84,-1.290355747481,HON
2022-06-10,176.635,177.01,174.53,174.6,2878722,180.33,-2.9842195718973,HON
2022-06-13,170.68,174.435,170.65,172.74,4764371,174.6,-0.99849688640757,HON
2022-06-14,173.46,175.34,170.76,171.6,3452469,172.74,-0.61815421320897,HON
2022-06-15,172.74,175.6,171.1,173.29,2979292,171.6,0.92208642514186,HON
2022-06-16,170.17,170.72,167.36,168.2,4428300,173.29,-2.7517975887982,HON
2022-06-17,167.72,170.69,166.51,168.02,5633629,168.2,-0.10006671114076,HON
2022-06-21,170.07,170.23,167.73,168.83,2935559,168.02,0.45075125208681,HON
2022-06-22,166.78,168.09,164.49,166.05,2907187,168.83,-1.5400808819456,HON
2022-06-23,165.55,166.93,161.24,162.89,3333352,166.05,-1.7779778315422,HON
2022-06-24,164.81,168.46,164.02,168.34,4155299,162.89,3.1219568081572,HON
2022-06-27,169.31,169.46,165.72,166.61,2600743,168.34,-0.96100433285192,HON
2022-06-28,167.79,169.78,164.07,164.27,3181187,166.61,-1.3124684502776,HON
2022-06-29,164.37,164.8,159.73,161.52,2428327,164.27,-1.562944018187,HON
2022-06-30,159.58,162.74,158.5,162.13,2872210,161.52,0.35219399538107,HON
2022-07-01,161.97,163.69,159.89,163.43,1973132,162.13,0.74794315632013,HON
2022-07-05,162.05,162.05,157.28,160.41,3346030,163.43,-1.7246302324253,HON
2022-07-06,161.09,162.565,159.395,161.53,2201924,160.41,0.65082224417456,HON
2022-07-07,162.53,162.53,159.58,162.11,2756659,161.53,0.33485364586339,HON
2022-07-08,162.21,162.65,159.84,161.66,1614764,162.11,-0.25893319523562,HON
2022-07-11,163.33,163.37,160.41,161.16,3224685,161.66,-0.28845044421368,HON
2022-07-12,160.04,165.14,160.04,161.93,2757656,161.16,0.4454987271465,HON
2022-07-13,159.1,160.65,158.19,159.19,1997128,161.93,-1.5782501008007,HON
2022-07-14,157.04,158.1,155.67,157.83,1824205,159.19,-0.79592672792182,HON
2022-07-15,159.35,161.27,158.45,161.12,2188681,157.83,1.9408884431597,HON
2022-07-18,161.46,162.55,158.85,159.27,1657002,161.12,-1.0706018518519,HON
2022-07-19,161.24,166.01,161.105,165.55,2455374,159.27,3.6735887686458,HON
2022-07-20,165.13,166.96,164.5,166.58,1648766,165.55,0.58116571686509,HON
2022-07-21,166.58,168.55,165.425,168.35,1853782,166.58,0.99293167283743,HON
2022-07-22,168.82,171.21,168.52,169.79,2327308,168.35,0.79986668888518,HON
2022-07-25,170.09,170.76,168.68,169.58,1941207,169.79,-0.11572160687717,HON
2022-07-26,169.97,171.85,168.73,169.74,2324131,169.58,0.08827099194527,HON
2022-07-27,168.67,173.34,167.873,171.98,3492445,169.74,1.2347040017639,HON
2022-07-28,177.43,179.8,175.195,178.76,3653912,171.98,3.6916040509637,HON
2022-07-29,178.8,181.45,177.18,180.78,2907441,178.76,1.0607015332913,HON
2022-08-01,179.73,181.48,179.22,180.31,2333338,180.78,-0.244206588382,HON
2022-08-02,179.45,179.665,176.98,177.44,3335549,180.31,-1.4948695244544,HON
2022-08-03,177.68,180.23,176.12,179.82,2535107,177.44,1.2584602368866,HON
2022-08-04,179.45,181.14,178.76,180.76,1701205,179.82,0.49086161879895,HON
2022-08-05,179.89,181.17,178.6,180.59,1848911,180.76,-0.088339222614834,HON
2022-08-08,182.51,183.78,181.41,182.29,2077750,180.59,0.8841732979664,HON
2022-08-09,182.89,183.225,181.72,182.41,2281653,182.29,0.061865236892305,HON
2022-08-10,185.26,186.635,184.694,185.55,2639617,182.41,1.6178061723942,HON
2022-08-11,186.3,188.92,186.3,187.81,2392759,185.55,0.64898849059474,HON
2022-08-12,188.63,190.28,187.54,190.17,2257876,187.81,1.1888569845348,HON
2022-08-15,189.93,192.0,188.74,191.55,2307868,190.17,0.68701149997511,HON
2022-08-16,189.72,193.56,189.36,192.97,1661186,191.55,0.70210135970333,HON
2022-08-17,191.11,193.27,190.55,192.08,1661265,192.97,-0.43698139146658,HON
2022-08-18,191.81,193.3,191.68,193.02,1509229,192.08,0.46355656376368,HON
2022-08-19,191.92,192.115,190.155,190.86,2040688,193.02,-1.0602788140585,HON
2022-08-22,188.875,188.97,186.634,187.14,2587992,190.86,-1.8456042865648,HON
2022-08-23,187.66,188.13,186.44,186.85,1607694,187.14,-0.14658309745248,HON
2022-08-24,186.04,187.83,185.62,187.09,1351784,186.85,0.12148823082763,HON
2022-08-25,188.52,189.8,187.215,189.73,1631498,187.09,1.3347489761869,HON
2022-08-26,188.54,189.745,182.24,182.36,2837122,189.73,-3.6770942473682,HON
2022-08-29,182.08,183.2,180.5,181.72,2095736,182.36,-0.3315031596395,HON
2022-08-30,181.26,182.335,178.59,180.0,2224095,181.72,-0.89387797526245,HON
2022-08-31,181.87,181.96,178.31,178.65,2629320,180.0,-0.70791819611956,HON
2022-09-01,178.45,180.435,177.84,180.03,2242620,178.65,0.72880908370742,HON
2022-09-02,182.39,182.73,175.53,176.19,2748450,180.03,-2.013317254758,HON
2022-09-06,176.41,177.73,173.66,174.9,2548887,176.19,-0.69024559901546,HON
2022-09-07,175.2,179.06,175.13,178.39,2344335,174.9,1.8803879310345,HON
2022-09-08,177.64,177.64,173.74,177.12,3506521,178.39,-0.67163784441272,HON
2022-09-09,178.41,181.31,178.11,180.99,2909913,177.12,2.060483441593,HON
2022-09-12,182.5,182.97,180.68,181.33,2766777,180.99,0.17736971151338,HON
2022-09-13,177.81,179.34,173.92,174.28,4858466,181.33,-3.6713013591626,HON
2022-09-14,174.55,174.55,167.49,169.27,4949872,174.28,-2.7084009082063,HON
2022-09-15,168.44,169.29,165.5,166.16,3452101,169.27,-1.7280657887426,HON
2022-09-16,162.86,166.94,161.82,166.65,6417901,166.16,0.27705529797579,HON
2022-09-19,165.3,168.37,165.04,167.93,2416251,166.65,0.72173667888356,HON
2022-09-20,166.34,166.85,164.37,166.31,2478881,167.93,-0.9069025359682,HON
2022-09-21,167.21,168.93,163.59,163.6,2505538,166.31,-1.5309869498898,HON
2022-09-22,162.84,164.05,161.32,162.55,2229980,163.6,-0.60240963855422,HON
2022-09-23,162.08,163.6,159.22,160.68,3202433,162.55,-1.0793650793651,HON
2022-09-26,160.83,161.63,158.16,159.37,3271638,160.68,-0.76438324191854,HON
2022-09-27,160.16,161.76,157.68,159.37,2692445,159.37,0.0,HON
2022-09-28,161.16,164.06,159.73,163.13,3077877,159.37,2.2108543540895,HON
2022-09-29,162.66,162.66,157.41,159.37,3116986,163.13,-2.163032848185,HON
2022-09-30,159.4,160.5,155.93,156.27,3810273,159.37,-1.8227788557653,HON
2022-10-03,159.37,163.675,158.38,162.34,3379168,156.27,3.6353836018446,HON
2022-10-04,164.2,167.71,164.13,167.49,3691385,162.34,2.9761904761905,HON
2022-10-05,165.92,169.073,164.31,167.11,2940249,167.49,-0.21325551377743,HON
2022-10-06,165.59,166.99,163.155,164.34,2599393,167.11,-1.5578426410213,HON
2022-10-07,162.89,163.46,159.67,160.71,2961648,164.34,-2.0738117001828,HON
2022-10-10,162.11,163.1,159.42,161.19,1932124,160.71,0.28003033661979,HON
2022-10-11,160.7,165.055,160.08,162.92,2908319,161.19,1.0064576182442,HON
2022-10-12,163.355,164.3,161.5,162.09,2727972,162.92,-0.4780555235572,HON
2022-10-13,158.7,167.69,158.52,166.85,3223443,162.09,2.7547890502923,HON
2022-10-14,167.45,167.82,163.13,163.46,2970553,166.85,-1.9093213179386,HON
2022-10-17,166.96,168.3,165.43,166.34,3437934,163.46,1.6536518144235,HON
2022-10-18,169.48,170.46,166.94,169.18,1978578,166.34,1.6041572525983,HON
2022-10-19,168.8,170.13,167.24,168.58,1688112,169.18,-0.33355570380253,HON
2022-10-20,168.66,170.12,166.41,166.94,2687496,168.58,-0.91477019187863,HON
2022-10-21,166.29,172.61,165.82,172.11,2959827,166.94,2.9103805449223,HON
2022-10-24,173.805,177.38,173.14,176.2,3271208,172.11,2.2372955527597,HON
2022-10-25,175.96,179.16,175.495,178.95,2907118,176.2,1.4713750668807,HON
2022-10-26,180.93,182.253,179.06,179.57,4203806,178.95,0.32691800685473,HON
2022-10-27,182.66,188.88,182.1,185.79,4754020,179.57,3.26903873443,HON
2022-10-28,188.3,194.46,185.99,194.23,4892755,185.79,4.2953839890071,HON
2022-10-31,191.705,194.29,191.588,193.32,4433470,194.23,-0.44405406724247,HON
2022-11-01,193.75,194.38,190.82,192.4,4376652,193.32,-0.45093618272719,HON
2022-11-02,192.64,196.19,189.35,189.77,4692929,192.4,-1.2949286065977,HON
2022-11-03,189.67,195.35,188.468,193.69,4653836,189.77,1.955404798723,HON
2022-11-04,195.6,197.33,193.51,197.15,4125109,193.69,1.6928421155634,HON
2022-11-07,197.0,199.54,196.44,199.07,2671829,197.15,0.92374308395478,HON
2022-11-08,198.63,201.68,198.185,200.66,2631318,199.07,0.75797301806741,HON
2022-11-09,200.33,201.87,198.77,198.96,3040359,200.66,-1.2916351249054,HON
2022-11-10,205.18,205.4,201.48,205.13,4354703,198.96,2.9573886785218,HON
2022-11-11,204.92,205.29,201.78,203.06,4226792,205.13,-0.963687150838,HON
2022-11-14,203.11,206.41,202.16,203.33,3074048,203.06,0.12692144972501,HON
2022-11-15,205.69,206.52,203.42,205.76,2367383,203.33,1.1408450704225,HON
2022-11-16,206.09,206.56,203.64,204.33,2447056,205.76,-0.66378870166644,HON
2022-11-17,202.58,205.71,202.354,204.84,2689734,204.33,0.23831775700934,HON
2022-11-18,206.72,207.68,203.49,204.86,2974732,204.84,0.0093235746585288,HON
2022-11-21,205.33,207.55,204.18,206.89,2346620,204.86,0.94625460308582,HON
2022-11-22,207.46,209.34,207.33,209.09,2516386,206.89,1.0158847432582,HON
2022-11-23,209.12,211.005,208.63,209.24,2686758,209.09,0.068568294020847,HON
2022-11-25,208.07,211.29,208.07,210.38,1119900,209.24,0.52076195696862,HON
2022-11-28,210.03,210.535,205.8,206.1,2642826,210.38,-1.9450124971597,HON
2022-11-29,206.25,207.75,205.51,207.05,2101760,206.1,0.44028363535245,HON
2022-11-30,206.65,210.98,204.02,209.88,4675120,207.05,1.3058324104836,HON
2022-12-01,210.61,210.95,206.685,207.72,3990378,209.88,-0.98383056251425,HON
2022-12-02,205.16,210.19,205.05,209.41,2194258,207.72,0.777404664428,HON
2022-12-05,208.08,208.915,205.53,205.93,3078017,209.41,-1.5884608362242,HON
2022-12-06,206.6,207.07,201.69,203.52,2518614,205.93,-1.1178107606679,HON
2022-12-07,204.3,204.42,202.34,203.78,2983537,203.52,0.12195693981894,HON
2022-12-08,204.18,204.915,202.54,203.68,2169500,203.78,-0.046849379245722,HON
2022-12-09,203.68,204.82,201.73,201.96,2260246,203.68,-0.80618701663932,HON
2022-12-12,202.49,204.92,201.39,204.83,3347031,201.96,1.3561404337759,HON
2022-12-13,209.88,210.29,203.47,205.29,3449789,204.83,0.21445221445222,HON
2022-12-14,206.55,208.2,203.38,205.05,2545896,205.29,-0.11164867882397,HON
2022-12-15,203.22,204.05,198.36,199.3,3221605,205.05,-2.6779061102832,HON
2022-12-16,197.68,200.62,196.56,200.07,7128473,199.3,0.36847394362828,HON
2022-12-19,199.59,202.66,198.7,199.74,3089824,200.07,-0.15733765614571,HON
2022-12-20,199.9,203.09,199.55,201.82,1876122,199.74,0.99326679719212,HON
2022-12-21,203.29,205.63,203.08,205.43,2625236,201.82,1.7069364981796,HON
2022-12-22,204.665,204.94,199.32,202.64,2220111,205.43,-1.2970711297071,HON
2022-12-23,202.33,205.035,201.79,204.2,1300657,202.64,0.73477462201498,HON
2022-12-27,204.23,206.11,204.04,205.22,1461037,204.2,0.47692523495581,HON
2022-12-28,206.26,206.84,202.34,202.52,1607307,205.22,-1.256456791847,HON
2022-12-29,203.42,205.58,203.1,205.08,1879921,202.52,1.2064659032,HON
2022-12-30,204.31,204.83,202.26,204.63,1599974,205.08,-0.20954598370197,HON
2023-01-03,205.48,205.48,202.55,204.63,2219496,204.63,0.0,HON
2023-01-04,198.83,201.57,197.65,200.37,3860313,204.63,-1.9878674755016,HON
2023-01-05,198.81,199.14,194.39,194.8,4057482,200.37,-2.6518758331746,HON
2023-01-06,196.8,201.39,196.204,200.6,4056383,194.8,2.8366019464958,HON
2023-01-09,200.6,203.96,199.87,201.0,2627479,200.6,0.19023160698149,HON
2023-01-10,199.83,201.78,199.83,201.67,1775736,201.0,0.31803294251674,HON
2023-01-11,202.31,203.24,200.34,202.63,2919491,201.67,0.45424434560424,HON
2023-01-12,203.18,207.55,202.71,206.31,2964267,202.63,1.7333961375412,HON
2023-01-13,204.82,207.16,203.225,206.94,1997090,206.31,0.29169367534032,HON
2023-01-17,207.35,207.35,202.26,202.57,3281499,206.94,-2.0174507178801,HON
2023-01-18,201.22,201.22,194.31,194.57,5101401,202.57,-3.7693177534866,HON
2023-01-19,194.63,194.71,190.55,190.99,4549156,194.57,-1.7528397963181,HON
2023-01-20,189.895,192.99,189.14,192.36,3977496,190.99,0.68274693511413,HON
2023-01-23,192.88,196.175,191.71,194.79,2799719,192.36,1.2027916646043,HON
2023-01-24,194.29,198.01,192.555,197.26,3217250,194.79,1.2080602562848,HON
2023-01-25,194.87,197.482,194.09,197.0,2154853,197.26,-0.12564635383947,HON
2023-01-26,198.13,199.75,196.22,199.68,1927499,197.0,1.2967532781729,HON
2023-01-27,198.22,200.16,197.965,198.46,2122529,199.68,-0.58275614998806,HON
2023-01-30,196.86,199.72,195.94,196.11,2545705,198.46,-1.1291020035555,HON
2023-01-31,196.9,198.9,195.84,198.81,2298778,196.11,1.3120808630576,HON
2023-02-01,197.74,198.78,194.14,197.05,5392235,198.81,-0.84420567920184,HON
2023-02-02,189.28,198.552,188.02,197.71,7183495,197.05,0.31927244582043,HON
2023-02-03,197.53,197.53,191.95,193.02,4457814,197.71,-2.2615488475263,HON
2023-02-06,192.58,194.46,191.09,194.37,2854188,193.02,0.66604173861562,HON
2023-02-07,193.33,196.35,192.11,195.8,2947917,194.37,0.70084297196628,HON
2023-02-08,194.23,195.14,191.54,192.55,3562421,195.8,-1.5817394266803,HON
2023-02-09,193.69,194.255,188.97,189.55,3013535,192.55,-1.4835327860746,HON
2023-02-10,189.14,191.16,188.7,190.8,2890779,189.55,0.62744704346953,HON
2023-02-13,190.52,194.07,190.08,193.7,2973187,190.8,1.4466004888512,HON
2023-02-14,193.42,193.43,189.0,191.33,2999565,193.7,-1.1653636229532,HON
2023-02-15,190.13,192.07,189.19,192.04,2532393,191.33,0.35323383084578,HON
2023-02-16,189.1,191.87,188.31,189.69,2754941,192.04,-1.1650389172574,HON
2023-02-17,189.59,192.31,188.99,191.75,2850383,189.69,1.0333065810594,HON
2023-02-21,191.9,191.98,186.78,187.09,2831026,191.75,-2.3135736272465,HON
2023-02-22,187.41,187.82,184.95,185.82,2963294,187.09,-0.64545639357592,HON
2023-02-23,187.4,187.4,183.94,186.38,2446679,185.82,-0.24042150493631,HON
2023-02-24,185.25,185.25,182.22,183.4,3305720,186.38,-1.5280484052918,HON
2023-02-27,185.78,186.36,183.1,183.81,3363256,183.4,0.21349718808581,HON
2023-02-28,182.87,183.72,180.99,182.84,3110131,183.81,-0.5040270200052,HON
2023-03-01,181.99,185.71,181.93,184.24,3231729,182.84,0.73114685606852,HON
2023-03-02,182.95,186.48,182.86,185.81,4254284,184.24,0.8139776026545,HON
2023-03-03,186.8,188.9,185.58,188.18,3116629,185.81,1.2188223193623,HON
2023-03-06,188.55,190.67,188.01,188.4,2721778,188.18,0.1117772584087,HON
2023-03-07,188.78,189.56,186.11,186.98,2781131,188.4,-0.7206658546488,HON
2023-03-08,187.64,188.01,185.49,186.93,2065035,186.98,-0.025559758715884,HON
2023-03-09,188.24,188.31,183.71,184.24,3188590,186.93,-1.3754665848545,HON
2023-03-10,184.24,188.04,183.25,184.69,3667341,184.24,0.23330568228952,HON
2023-03-13,184.36,186.59,183.53,184.46,3223590,184.69,-0.11896756840636,HON
2023-03-14,187.42,187.534,181.53,184.33,4853203,184.46,-0.067322630761261,HON
2023-03-15,181.43,182.37,176.12,179.48,3926282,184.33,-2.5133440431155,HON
2023-03-16,178.73,181.13,177.66,180.5,3897012,179.48,0.54220710184987,HON
2023-03-17,179.17,179.365,175.59,176.0,7383864,180.5,-2.3791900179761,HON
2023-03-20,177.32,181.6,176.87,181.24,2840845,176.0,2.8379549393414,HON
2023-03-21,182.43,183.5,180.51,182.52,3133912,181.24,0.67410996418791,HON
2023-03-22,183.08,183.36,178.44,178.52,2348725,182.52,-2.0924879681942,HON
2023-03-23,178.22,180.776,176.91,178.28,2360130,178.52,-0.12823252831802,HON
2023-03-24,177.75,179.58,175.96,179.52,2332277,178.28,0.66338540552108,HON
2023-03-27,179.99,180.955,178.79,179.35,2133141,179.52,-0.090348639455776,HON
2023-03-28,179.11,180.97,178.76,179.28,2069760,179.35,-0.037236023192735,HON
2023-03-29,181.02,181.07,179.125,180.43,2684187,179.28,0.6119625372499,HON
2023-03-30,180.97,181.8,179.34,180.48,1999467,180.43,0.02644523192469,HON
2023-03-31,181.48,182.74,180.69,182.48,2702570,180.48,1.0575296108291,HON
2023-04-03,181.93,185.26,181.32,184.64,2873741,182.48,1.1301799916283,HON
2023-04-04,184.48,184.59,181.04,182.3,2499133,184.64,-1.210678807947,HON
2023-04-05,181.65,182.37,180.64,180.79,3030036,182.3,-0.79082434272546,HON
2023-04-06,180.97,183.47,180.37,181.82,2782289,180.79,0.54373647257562,HON
2023-04-10,182.1,183.96,181.68,183.04,2540349,181.82,0.64055444712801,HON
2023-04-11,184.24,184.52,183.18,183.55,2435597,183.04,0.26606844741235,HON
2023-04-12,184.82,186.23,183.69,184.59,3656911,183.55,0.54113117227743,HON
2023-04-13,184.61,187.78,183.96,187.26,3360733,184.59,1.3817730166123,HON
2023-04-14,186.99,189.09,186.61,187.91,1964058,187.26,0.33180193976519,HON
2023-04-17,188.54,189.43,188.1,189.22,1682747,187.91,0.66649707453574,HON
2023-04-18,190.08,190.83,187.58,188.29,2399951,189.22,-0.47002931365612,HON
2023-04-19,189.61,190.02,188.58,189.17,1864129,188.29,0.44685929010308,HON
2023-04-20,188.86,189.12,187.36,188.11,1947074,189.17,-0.53586775188312,HON
2023-04-21,188.45,188.71,186.76,187.44,1970694,188.11,-0.3405336721728,HON
2023-04-24,188.57,189.44,187.63,188.14,1605640,187.44,0.35699714402284,HON
2023-04-25,189.88,190.27,187.22,187.32,2244307,188.14,-0.41670901514381,HON
2023-04-26,185.24,185.83,181.54,182.26,3579352,187.32,-2.5821596244131,HON
2023-04-27,187.3,190.21,184.93,189.97,3862369,182.26,4.0387637506548,HON
2023-04-28,190.36,192.17,189.85,191.2,2851573,189.97,0.61930416393937,HON
2023-05-01,191.36,193.515,191.32,191.84,2224861,191.2,0.32025620496396,HON
2023-05-02,191.02,191.02,187.73,189.62,2588338,191.84,-1.1073423782921,HON
2023-05-03,191.21,191.97,189.07,189.32,2775285,189.62,-0.15131645314233,HON
2023-05-04,189.575,190.36,186.29,187.58,2304847,189.32,-0.87896544756517,HON
2023-05-05,188.7,189.95,188.14,189.78,2088101,187.58,1.1211905004587,HON
2023-05-08,191.11,191.34,187.327,188.31,1494474,189.78,-0.74085273661929,HON
2023-05-09,187.32,189.645,186.32,188.49,2237665,188.31,0.091393754760095,HON
2023-05-10,188.85,190.1,185.68,188.7,2158477,188.49,0.10652868665348,HON
2023-05-11,188.32,188.68,185.59,186.37,2870794,188.7,-1.7026451809061,HON
2023-05-12,187.33,187.74,185.09,186.01,2102037,186.37,-0.18558614290132,HON
2023-05-15,185.89,187.865,185.04,186.7,1565880,186.01,0.3563681437868,HON
2023-05-16,186.35,186.35,183.69,184.0,2050805,186.7,-1.3895321908291,HON
2023-05-17,185.42,188.816,184.925,188.41,2420950,184.0,2.3015500234852,HON
2023-05-18,187.84,190.78,187.28,190.64,2438035,188.41,1.1376390164269,HON
2023-05-19,191.89,192.65,189.45,189.74,2669524,190.64,-0.45397225725095,HON
2023-05-22,189.44,190.8,187.61,189.32,1763744,189.74,-0.21281986318722,HON
2023-05-23,189.59,189.96,187.28,187.36,2159034,189.32,-0.99527750977505,HON
2023-05-24,187.32,187.59,183.28,184.25,1744508,187.36,-1.5951171975176,HON
2023-05-25,184.26,184.94,182.38,184.66,2421623,184.25,0.21369748775148,HON
2023-05-26,185.17,186.705,184.535,186.14,1972053,184.66,0.76975087117074,HON
2023-05-30,185.99,187.17,182.81,186.94,2256597,186.14,0.41290322580646,HON
2023-05-31,186.24,186.43,182.75,183.99,3655780,186.94,-1.5163197121563,HON
2023-06-01,184.24,186.69,182.86,186.25,1908989,183.99,1.1795407098121,HON
2023-06-02,188.84,191.95,188.28,191.24,2740769,186.25,2.574022490457,HON
2023-06-05,191.11,191.51,188.439,189.57,1662658,191.24,-0.83982901684686,HON
2023-06-06,189.95,190.49,187.75,188.73,2294495,189.57,-0.42600669439091,HON
2023-06-07,189.35,191.09,186.62,190.78,2555467,188.73,1.0441071610472,HON
2023-06-08,190.26,191.14,189.448,190.54,1626605,190.78,-0.12097383940722,HON
2023-06-09,190.02,191.15,188.48,190.28,1760237,190.54,-0.13121372697452,HON
2023-06-12,190.6,191.343,189.015,190.89,1680776,190.28,0.30825205922483,HON
2023-06-13,190.89,193.67,190.145,193.5,1987889,190.89,1.3148614609572,HON
2023-06-14,194.39,195.2,191.05,192.91,2656842,193.5,-0.29337178658446,HON
2023-06-15,193.64,196.49,192.815,196.12,2467702,192.91,1.6008378216637,HON
2023-06-16,197.39,198.405,194.85,195.36,5005821,196.12,-0.37304275266283,HON
2023-06-20,195.04,195.36,191.42,192.79,2085168,195.36,-1.2661969749224,HON
2023-06-21,191.68,195.17,190.5,194.19,2553482,192.79,0.69860279441118,HON
2023-06-22,194.35,194.665,192.02,193.04,1616945,194.19,-0.56987115956393,HON
2023-06-23,191.52,193.05,191.035,192.48,3322857,193.04,-0.27909294791926,HON
2023-06-26,192.69,195.45,191.84,194.97,2131606,192.48,1.2444400019991,HON
2023-06-27,194.95,196.46,194.84,195.73,2358820,194.97,0.37516043044723,HON
2023-06-28,195.81,196.31,194.39,194.89,1972042,195.73,-0.4131012097964,HON
2023-06-29,194.81,199.02,194.13,198.86,2544081,194.89,1.9604938271605,HON
2023-06-30,200.06,200.88,199.2,199.89,3009911,198.86,0.49886182011915,HON
2023-07-03,199.18,201.03,197.43,200.69,1215113,199.89,0.3855421686747,HON
2023-07-05,199.79,200.725,198.34,198.82,2336660,200.69,-0.89774363898224,HON
2023-07-06,197.36,197.44,194.47,196.4,2102512,198.82,-1.1723102262268,HON
2023-07-07,195.27,198.11,194.55,195.65,2253783,196.4,-0.36762903779227,HON
2023-07-10,196.6,200.37,196.005,200.13,3102208,195.65,2.2040736003149,HON
2023-07-11,200.83,201.92,199.83,201.12,2801495,200.13,0.47655723500529,HON
2023-07-12,202.776,203.26,200.74,200.91,2967190,201.12,-0.10060844152732,HON
2023-07-13,200.06,201.6,199.58,201.1,2324260,200.91,0.091118357951275,HON
2023-07-14,200.3,200.3,197.89,198.53,2161287,201.1,-1.2313736763931,HON
2023-07-17,197.96,201.22,197.65,200.56,2150723,198.53,0.98476763364704,HON
2023-07-18,199.09,199.55,196.34,197.64,3668886,200.56,-1.4026997165778,HON
2023-07-19,196.24,198.45,196.22,197.56,2505953,197.64,-0.038976857490871,HON
2023-07-20,198.54,201.63,197.974,200.35,2532700,197.56,1.3598479309841,HON
2023-07-21,200.7,202.78,200.17,200.99,7529639,200.35,0.30775149067128,HON
2023-07-24,201.06,202.55,200.6,201.71,1846799,200.99,0.34515819750719,HON
2023-07-25,200.54,202.525,199.66,202.07,1968377,201.71,0.17198547678197,HON
2023-07-26,201.17,201.79,199.58,200.65,3293054,202.07,-0.67722243418543,HON
2023-07-27,196.1,196.51,188.04,188.8,6595540,200.65,-5.6900028810141,HON
2023-07-28,190.05,190.6,187.4,187.58,3936174,188.8,-0.62114963596558,HON
2023-07-31,187.51,187.895,185.81,186.52,3447783,187.58,-0.5430606076131,HON
2023-08-01,185.74,187.19,185.35,185.87,3976944,186.52,-0.33482717766445,HON
2023-08-02,186.29,187.69,184.79,185.29,2997973,185.87,-0.29977258631382,HON
2023-08-03,185.17,185.29,182.85,182.9,2509410,185.29,-1.2389839294972,HON
2023-08-04,183.65,184.21,181.2,181.6,2408676,182.9,-0.68237887774919,HON
2023-08-07,182.5,183.055,180.99,181.99,2842650,181.6,0.20612018392262,HON
2023-08-08,180.99,180.99,178.96,180.04,3261703,181.99,-1.0284810126582,HON
2023-08-09,179.44,182.66,179.39,181.63,3224678,180.04,0.84732214228617,HON
2023-08-10,181.64,184.039,181.48,182.16,2811662,181.63,-0.26421475375185,HON
2023-08-11,181.62,184.855,181.62,184.09,2700032,182.16,1.0225707322242,HON
2023-08-14,184.37,185.23,182.58,182.93,2444190,184.09,-0.60838097236062,HON
2023-08-15,181.4,181.84,179.98,181.22,2251989,182.93,-0.90232705398131,HON
2023-08-16,181.07,181.92,179.83,179.91,2241316,181.22,-0.6975505857295,HON
2023-08-17,180.88,181.635,179.4,179.4,2481131,179.91,-0.27347310847768,HON
2023-08-18,178.61,180.975,178.49,180.0,2053767,179.4,0.32261533498227,HON
2023-08-21,179.43,180.72,178.84,180.37,1930803,180.0,0.19830635652266,HON
2023-08-22,180.77,180.915,178.97,179.43,1713108,180.37,-0.50280823749666,HON
2023-08-23,179.92,180.99,179.57,180.5,1899304,179.43,0.57523789043601,HON
2023-08-24,180.36,182.21,178.53,178.58,2391471,180.5,-1.0262989095574,HON
2023-08-25,179.04,180.591,177.995,179.72,1943869,178.58,0.61568373298769,HON
2023-08-28,181.86,183.055,180.54,181.3,1941139,179.72,0.84809447128287,HON
2023-08-29,181.3,183.24,180.77,182.94,2180494,181.3,0.87289759420908,HON
2023-08-30,182.94,184.12,181.13,181.98,2206947,182.94,-0.50654284508232,HON
2023-08-31,181.87,182.82,181.34,181.36,2598517,181.98,-0.32880780653373,HON
2023-09-01,182.44,182.91,180.96,181.81,1595824,181.36,0.23943811854847,HON
2023-09-05,182.0,182.22,179.04,179.12,2229187,181.81,-1.4278889537661,HON
2023-09-06,178.46,179.25,177.05,177.93,2228925,179.12,-0.64081852450188,HON
2023-09-07,178.17,179.25,176.65,177.54,2086214,177.93,-0.21137065741693,HON
2023-09-08,177.22,178.41,176.84,177.94,1769739,177.54,0.21724961981317,HON
2023-09-11,179.35,180.061,178.17,179.63,2115478,177.94,0.91588987643616,HON
2023-09-12,179.61,183.36,179.39,182.63,3667566,179.63,1.6110842597068,HON
2023-09-13,183.24,187.08,183.205,185.01,5057296,182.63,1.2578616352201,HON
2023-09-14,185.82,188.73,185.36,186.98,3682184,185.01,1.0282373819093,HON
2023-09-15,187.94,188.344,185.81,186.46,6014023,186.98,-0.26865054763381,HON
2023-09-18,186.17,188.765,185.86,187.88,2296961,186.46,0.73559883961874,HON
2023-09-19,186.56,189.04,186.56,188.77,2872400,187.88,0.45767767150056,HON
2023-09-20,189.56,190.51,187.81,187.86,2374326,188.77,-0.46583056053238,HON
2023-09-21,188.09,188.09,184.82,184.85,2917718,187.86,-1.5480353836659,HON
2023-09-22,184.35,185.255,183.01,183.2,2824497,184.85,-0.86193386616518,HON
2023-09-25,182.46,185.45,181.975,185.28,2723193,183.2,1.0960059015702,HON
2023-09-26,184.43,184.763,181.18,181.31,3399534,185.28,-2.0692171374961,HON
2023-09-27,182.36,182.36,179.77,181.3,2235298,181.31,-0.0053222630262339,HON
2023-09-28,181.15,182.4,180.1,180.53,2912309,181.3,-0.40983606557376,HON
2023-09-29,181.64,181.65,177.76,178.16,3330883,180.53,-1.2666345999679,HON
2023-10-02,177.42,178.24,174.49,176.03,2700935,178.16,-1.1529717440727,HON
2023-10-03,175.28,176.14,173.66,174.56,2490471,176.03,-0.80499425004109,HON
2023-10-04,174.85,176.375,173.835,175.92,2298684,174.56,0.75080048581209,HON
2023-10-05,175.57,175.84,172.55,173.44,2288328,175.92,-1.358904109589,HON
2023-10-06,173.89,178.72,173.12,178.08,3770890,173.44,2.5774913898456,HON
2023-10-09,178.73,180.4,178.18,179.94,2278984,178.08,1.0072565796599,HON
2023-10-10,181.42,181.51,177.8,179.76,3262668,179.94,-0.096504396311391,HON
2023-10-11,179.98,181.71,179.23,180.82,2210345,179.76,0.56885263496834,HON
2023-10-12,180.78,180.81,176.24,177.36,2414023,180.82,-1.846318036286,HON
2023-10-13,178.27,178.27,175.78,176.98,2245641,177.36,-0.20658910514298,HON
2023-10-16,179.03,180.92,178.55,179.65,2433101,176.98,1.4545652647636,HON
2023-10-17,178.76,180.71,178.385,179.74,1848913,179.65,0.048327337163724,HON
2023-10-18,179.05,179.46,176.46,176.89,2262036,179.74,-1.5296264491198,HON
2023-10-19,176.59,179.277,175.28,175.69,2565722,176.89,-0.65405788412274,HON
2023-10-20,176.07,177.2,174.48,174.74,3043455,175.69,-0.52120480605696,HON
2023-10-23,175.01,176.5,173.81,173.94,2073580,174.74,-0.44120891242002,HON
2023-10-24,174.99,176.44,173.68,174.88,2552306,173.94,0.52071792599158,HON
2023-10-25,174.87,175.2,171.4,171.51,4147428,174.88,-1.8571586024468,HON
2023-10-26,172.0,176.413,168.3,169.48,4817578,171.51,-1.1398730978719,HON
2023-10-27,169.07,172.54,168.77,170.42,3400371,169.48,0.53390889469499,HON
2023-10-30,170.96,173.72,170.02,173.17,2633837,170.42,1.5536723163842,HON
2023-10-31,172.92,177.34,172.6,176.68,3770344,173.17,1.9527121001391,HON
2023-11-01,177.61,177.689,174.84,177.41,3358688,176.68,0.39834115464369,HON
2023-11-02,179.02,180.555,177.57,179.85,3059557,177.41,1.3261590303821,HON
2023-11-03,181.56,183.63,181.399,182.41,2960084,179.85,1.3731695542563,HON
2023-11-06,182.09,182.32,180.44,180.92,2339892,182.41,-0.78840150272502,HON
2023-11-07,180.19,180.674,178.98,180.03,2482252,180.92,-0.47466666666666,HON
2023-11-08,180.3,180.3,177.2,178.04,3193524,180.03,-1.0663951556723,HON
2023-11-09,178.37,179.92,177.7,178.18,2718322,178.04,-0.50915393781822,HON
2023-11-10,179.11,181.42,178.16,181.21,2178647,178.18,1.6496080139373,HON
2023-11-13,181.3,182.01,180.21,181.01,1675859,181.21,-0.10711799046651,HON
2023-11-14,183.27,185.17,183.15,184.74,2951656,181.01,1.9998927671439,HON
2023-11-15,184.98,186.26,183.28,184.05,4076819,184.74,-0.36269974768713,HON
2023-11-16,185.72,186.86,184.91,185.21,2133472,184.05,0.61197573199683,HON
2023-11-17,186.29,186.5,184.43,185.71,2207822,185.21,0.26217817628861,HON
2023-11-20,185.17,186.875,184.57,186.3,2000174,185.71,0.30856126771613,HON
2023-11-21,185.59,186.11,184.57,185.74,1877572,186.3,-0.29197080291971,HON
2023-11-22,185.6,187.37,184.63,186.81,1881988,185.74,0.55950637941853,HON
2023-11-24,187.62,188.21,186.91,187.91,1074506,186.81,0.57199313608236,HON
2023-11-27,187.11,188.18,186.85,187.47,2480483,187.91,-0.2274959929683,HON
2023-11-28,187.49,189.57,186.91,188.77,3329148,187.47,0.67367984660829,HON
2023-11-29,190.03,190.82,188.43,188.76,2243034,188.77,-0.0051474751634423,HON
2023-11-30,188.77,190.62,188.53,190.42,3114043,188.76,0.85452486358488,HON
2023-12-01,191.0,192.585,189.82,192.28,3112060,190.42,0.9493670886076,HON
2023-12-04,191.02,192.96,190.96,192.86,2717466,192.28,0.29325513196482,HON
2023-12-05,192.02,192.34,189.831,191.45,2584262,192.86,-0.71082879612826,HON
2023-12-06,192.65,193.625,191.78,192.29,2230902,191.45,0.42650418888043,HON
2023-12-07,193.49,193.55,191.96,192.29,2436954,192.29,0.0,HON
2023-12-08,190.54,191.73,187.51,189.11,4545331,192.29,-1.6077658122251,HON
2023-12-11,190.95,195.01,190.55,194.89,3706188,189.11,2.9700426494014,HON
2023-12-12,196.5,196.8,195.364,196.01,3094085,194.89,0.55891012525575,HON
2023-12-13,197.1,197.66,194.75,197.58,3063397,196.01,0.77911766165452,HON
2023-12-14,198.5,199.144,196.96,197.91,3785666,197.58,0.16249753791608,HON
2023-12-15,198.35,199.545,196.94,197.9,7523488,197.91,-0.0049161791455636,HON
2023-12-18,198.51,199.95,197.98,199.6,2970685,197.9,0.83579154375614,HON
2023-12-19,199.03,199.57,197.99,199.1,2596931,199.6,-0.24378352023403,HON
2023-12-20,198.21,199.87,197.34,197.4,3349631,199.1,-0.83088954056695,HON
2023-12-21,198.29,199.705,197.93,199.55,2158664,197.4,1.0596352883194,HON
2023-12-22,199.55,201.66,199.46,200.14,1889800,199.55,0.28773469885393,HON
2023-12-26,200.64,203.05,200.29,202.54,1860306,200.14,1.1670881151527,HON
2023-12-27,201.66,204.16,201.66,203.52,2340215,202.54,0.47106325706596,HON
2023-12-28,203.82,204.47,203.33,203.67,1647683,203.52,0.071763467610744,HON
2023-12-29,203.72,204.67,203.41,204.21,2256443,203.67,0.25816321652246,HON
2024-01-02,203.36,205.105,202.82,203.5,3132684,204.21,-0.33856277716847,HON
2024-01-03,202.92,202.92,198.76,199.03,3814053,203.5,-2.1387559808612,HON
2024-01-04,198.62,200.72,198.53,199.4,2542018,199.03,0.18090255708209,HON
2024-01-05,198.89,199.065,196.76,198.03,2682727,199.4,-0.66861883845779,HON
2024-01-08,197.62,198.045,195.75,197.16,4019954,198.03,-0.42745541197858,HON
2024-01-09,194.98,196.23,193.4,196.13,3082280,197.16,-0.50824040264482,HON
2024-01-10,195.5,196.97,194.92,196.9,2372259,196.13,0.38188761593017,HON
2024-01-11,196.79,197.09,194.05,196.17,1940910,196.9,-0.3606719367589,HON
2024-01-12,197.89,198.49,194.66,195.6,2429309,196.17,-0.28263995636435,HON
2024-01-16,195.18,195.625,192.01,192.27,3500369,195.6,-1.6558925907509,HON
2024-01-17,191.25,192.59,190.5,192.45,2510468,192.27,0.09101481518935,HON
2024-01-18,192.22,195.04,191.764,194.63,2604627,192.45,1.1012882040919,HON
2024-01-19,194.78,195.74,193.14,195.28,3089602,194.63,0.32478888722331,HON
2024-01-22,195.84,198.42,194.93,195.54,3589302,195.28,0.12949496961848,HON
2024-01-23,195.73,197.66,195.13,197.44,2033826,195.54,0.94508555511341,HON
2024-01-24,197.44,198.28,194.18,194.37,3483914,197.44,-1.5127623928255,HON
2024-01-25,196.24,197.67,195.171,197.06,2653230,194.37,1.3458748186321,HON
2024-01-26,197.53,198.39,195.89,196.3,1924770,197.06,-0.37519747235387,HON
2024-01-29,195.93,197.56,195.315,197.55,2196849,196.3,0.61942517343905,HON
2024-01-30,195.66,200.87,195.66,200.4,5646047,197.55,1.4035951736026,HON
2024-01-31,201.7,202.21,196.26,196.76,5624518,200.4,-1.7678484701311,HON
2024-02-01,190.37,192.07,184.16,191.81,7819099,196.76,-2.4473450014832,HON
2024-02-02,191.535,194.55,190.04,190.61,4317910,191.81,-0.6081800212863,HON
2024-02-05,188.46,189.35,187.32,187.51,4632180,190.61,-1.5807454999745,HON
2024-02-06,187.04,188.565,186.54,188.14,3741587,187.51,0.32640795813688,HON
2024-02-07,189.97,190.32,188.09,188.6,3029888,188.14,0.23755422433382,HON
2024-02-08,188.09,188.516,186.75,187.96,2516150,188.6,-0.32972694487377,HON
2024-02-09,187.5,189.725,187.33,189.34,3686297,187.96,0.71332575209345,HON
2024-02-12,188.48,192.13,188.27,191.85,2827875,189.34,1.288236501745,HON
2024-02-13,191.24,191.46,187.22,188.51,4432118,191.85,-1.6924246262985,HON
2024-02-14,188.94,190.09,188.38,189.37,2115287,188.51,0.44327611978765,HON
2024-02-15,190.5,192.695,190.115,192.45,1996523,189.37,1.5805408734028,HON
2024-02-16,192.02,193.4,190.95,191.67,2331020,192.45,-0.3940388987118,HON
2024-02-20,192.45,194.15,191.41,193.44,2761051,191.67,0.89770249023686,HON
2024-02-21,194.1,194.88,192.705,194.03,1969621,193.44,0.29657183070273,HON
2024-02-22,193.93,196.06,193.11,195.31,3635080,194.03,0.64150754272541,HON
2024-02-23,195.31,197.125,195.03,195.13,2450243,195.31,-0.089636970270408,HON
2024-02-26,194.53,194.7,192.71,193.69,2028604,195.13,-0.71773912176643,HON
2024-02-27,194.09,194.2,191.45,192.68,2451977,193.69,-0.50705356694613,HON
2024-02-28,192.61,193.43,191.75,192.07,2664144,192.68,-0.30780098899991,HON
2024-02-29,193.87,195.79,192.21,194.31,3437346,192.07,0.58713367414081,HON
2024-03-01,193.17,194.52,191.65,194.25,2785462,194.31,-0.030191717405526,HON
2024-03-04,194.01,195.37,193.74,194.82,2148909,194.25,0.28690793778629,HON
2024-03-05,194.71,195.11,192.21,192.93,2532241,194.82,-0.94860469785184,HON
2024-03-06,195.08,197.99,194.251,196.08,2713389,192.93,1.5961489739042,HON
2024-03-07,197.79,198.84,197.31,198.19,2447565,196.08,1.0523690773067,HON
2024-03-08,198.71,199.495,196.03,196.33,2139383,198.19,-0.91801984107399,HON
2024-03-11,197.16,198.145,194.7,195.87,2443183,196.33,-0.22914072229141,HON
2024-03-12,195.31,195.83,193.25,194.71,2938803,195.87,-0.57916021768436,HON
2024-03-13,195.53,196.71,194.42,195.31,2537637,194.71,0.30131070155175,HON
2024-03-14,194.83,195.31,190.54,191.93,3838212,195.31,-1.6922845841887,HON
2024-03-15,191.97,194.13,191.48,193.27,6310153,191.93,0.68245480010186,HON
2024-03-18,194.59,194.59,191.96,192.34,2481716,193.27,-0.47043350700592,HON
2024-03-19,192.34,194.82,191.7,194.62,4524803,192.34,1.1587721081521,HON
2024-03-20,194.17,197.29,193.91,196.76,2714424,194.62,1.0751607717042,HON
2024-03-21,197.58,198.67,196.87,196.96,2811767,196.76,0.099413460582557,HON
2024-03-22,197.1,197.55,195.67,196.31,2061324,196.96,-0.32277286721621,HON
2024-03-25,195.96,196.29,194.01,194.06,1961385,196.31,-1.1209086833059,HON
2024-03-26,193.63,197.05,193.33,196.58,2697318,194.06,1.2696493349456,HON
2024-03-27,198.52,200.84,197.79,200.71,2760101,196.58,2.0547263681592,HON
2024-03-28,200.98,202.4,200.76,200.83,3594210,200.71,0.058499488129481,HON
2024-04-01,200.97,201.47,197.47,197.59,2221894,200.83,-1.57856272838,HON
2024-04-02,197.66,197.88,195.6,195.81,2615337,197.59,-0.88114449779714,HON
2024-04-03,195.0,196.52,193.5,193.55,2496129,195.81,-1.1287019927084,HON
2024-04-04,196.26,196.26,191.1,191.63,3414771,193.55,-0.9698439157448,HON
2024-04-05,191.48,193.98,190.733,192.73,2212855,191.63,0.56108135679673,HON
2024-04-08,193.17,194.771,192.91,193.34,2384717,192.73,0.30940907938117,HON
2024-04-09,193.93,195.1,191.6,193.99,2041975,193.34,0.32868122977347,HON
2024-04-10,191.15,192.03,189.98,191.23,2907266,193.99,-1.3910589184013,HON
2024-04-11,191.59,192.775,189.845,192.45,3026335,191.23,0.6235624840276,HON
2024-04-12,191.49,192.03,190.19,191.74,3499520,192.45,-0.36064407984965,HON
2024-04-15,193.69,194.07,188.76,189.62,3179898,191.74,-1.0807504078303,HON
2024-04-16,188.72,189.27,186.11,186.3,2801925,189.62,-1.7109874252731,HON
2024-04-17,187.99,188.1,185.33,185.94,2424388,186.3,-0.18875838926174,HON
2024-04-18,186.58,187.875,185.57,186.66,2143197,185.94,0.37823072073965,HON
2024-04-19,188.19,190.11,187.21,189.84,3570010,186.66,1.6642244086246,HON
2024-04-22,189.86,191.88,189.72,191.16,2366958,189.84,0.67950169875426,HON
2024-04-23,191.61,193.19,191.255,191.74,2557257,191.16,0.29655383986092,HON
2024-04-24,189.14,191.3,188.84,190.37,3578298,191.74,-0.69840946166395,HON
2024-04-25,195.04,195.715,186.07,188.6,3894330,190.37,-0.90867087632834,HON
2024-04-26,185.88,189.23,185.69,189.03,3041537,188.6,0.22277484198528,HON
2024-04-29,188.84,189.84,187.8,189.35,2593584,189.03,0.16541742052211,HON
2024-04-30,189.57,191.42,187.9,188.31,3128075,189.35,-0.53671879031843,HON
2024-05-01,187.55,192.76,187.481,190.88,5084843,188.31,1.3334716961553,HON
2024-05-02,191.96,192.06,188.265,189.22,3418699,190.88,-0.84997439836151,HON
2024-05-03,190.35,191.82,189.12,191.39,2251381,189.22,1.1206362321834,HON
2024-05-06,191.95,192.78,189.53,190.58,2257722,191.39,-0.41366630917726,HON
2024-05-07,190.61,192.774,190.61,192.43,2052177,190.58,0.94871794871795,HON
2024-05-08,192.27,193.94,191.501,193.63,1788289,192.43,0.60960121920245,HON
2024-05-09,194.43,196.37,193.45,196.21,2692175,193.63,1.3027013380459,HON
2024-05-10,196.58,198.81,196.3,198.5,2318408,196.21,1.1414045755869,HON
2024-05-13,200.02,202.3,199.32,199.38,3505342,198.5,0.43366844076485,HON
2024-05-14,200.58,200.96,198.49,198.79,2378589,199.38,-0.28949950932287,HON
2024-05-15,199.95,200.93,198.35,200.64,2675812,198.79,0.91038826829388,HON
2024-05-16,201.63,203.93,201.24,203.28,2566941,200.64,0.76075295035599,HON
2024-05-17,203.55,203.66,201.84,202.63,2267215,203.28,-0.31458716484368,HON
2024-05-20,202.41,202.85,199.91,201.28,2008300,202.63,-0.65543525756178,HON
2024-05-21,201.88,201.9,199.8,200.17,1742860,201.28,-0.54246896686542,HON
2024-05-22,199.78,200.6,198.54,199.46,2013302,200.17,-0.34887720505134,HON
2024-05-23,198.19,198.21,195.88,196.05,2616403,199.46,-1.681459566075,HON
2024-05-24,197.01,197.47,195.85,196.35,2360667,196.05,0.15045889964392,HON
2024-05-28,194.82,197.5,194.76,195.84,2417316,196.35,-0.25539586358856,HON
2024-05-29,194.49,195.065,193.55,193.73,2846213,195.84,-1.059343307561,HON
2024-05-30,194.46,197.94,194.06,197.57,2314211,193.73,1.9485462018572,HON
2024-05-31,196.99,198.94,195.79,198.85,3163480,197.57,0.63710118958738,HON
2024-06-03,200.48,200.48,197.65,199.12,2443667,198.85,0.13353776151145,HON
2024-06-04,197.72,204.81,197.72,203.89,3360804,199.12,2.3560209424084,HON
2024-06-05,204.59,206.109,202.53,205.93,2722837,203.89,0.98441345365054,HON
2024-06-06,205.83,206.87,204.28,205.11,3270848,205.93,-0.39183829502558,HON
2024-06-07,205.18,207.63,204.32,205.44,2563323,205.11,0.15831134564644,HON
2024-06-10,206.43,207.719,205.79,207.4,2648314,205.44,0.93878724015711,HON
2024-06-11,206.44,206.515,203.81,206.14,2304900,207.4,-0.59789313846447,HON
2024-06-12,207.41,208.29,204.4,205.16,2471388,206.14,-0.46782509070078,HON
2024-06-13,203.75,205.63,202.91,205.29,1959739,205.16,0.062350119904075,HON
2024-06-14,203.86,205.34,202.67,205.19,2239211,205.29,-0.04793174519484,HON
2024-06-17,204.66,208.83,204.2,208.61,3100728,205.19,1.6400517911092,HON
2024-06-18,207.7,209.885,207.09,209.53,2443359,208.61,0.4340646378863,HON
2024-06-20,210.06,211.85,209.53,210.8,4042227,209.53,0.59660825856155,HON
2024-06-21,212.445,212.74,210.18,211.75,7929048,210.8,0.44363500513683,HON
2024-06-24,211.87,215.02,211.57,212.55,2933238,211.75,0.37193732856013,HON
2024-06-25,213.49,213.49,210.38,211.11,2970633,212.55,-0.66700634582426,HON
2024-06-26,210.21,210.73,208.26,210.09,2173863,211.11,-0.47563534623455,HON
2024-06-27,210.96,212.01,209.67,211.04,1913218,210.09,0.44511080916459,HON
2024-06-28,210.8,212.81,207.8,210.2,4804816,211.04,-0.39182759585782,HON
2024-07-01,209.8,212.19,207.53,207.61,2148470,210.2,-1.2128875152196,HON
2024-07-02,208.43,209.94,207.62,209.89,1908531,207.61,1.0808248400095,HON
2024-07-03,209.66,209.93,208.731,209.12,1086724,209.89,-0.36111241382544,HON
2024-07-05,209.23,209.57,207.4,208.9,1355280,209.12,-0.10354890332298,HON
2024-07-08,208.55,209.89,207.68,208.29,1838096,208.9,-0.28741047870336,HON
2024-07-09,208.35,208.76,207.22,207.26,1375377,208.29,-0.48669848320182,HON
2024-07-10,207.86,211.6,207.425,211.15,1791777,207.26,1.8471035137702,HON
2024-07-11,211.66,213.33,210.31,211.51,2701551,211.15,0.16783999254044,HON
2024-07-12,212.19,213.51,208.988,211.77,2089379,211.51,0.12101466139168,HON
2024-07-15,211.06,212.99,210.07,212.38,1732209,211.77,0.28357584491655,HON
2024-07-16,212.51,215.67,212.31,215.13,2978471,212.38,1.274800667532,HON
2024-07-17,215.66,217.37,214.505,216.87,2688142,215.13,0.79644802490045,HON
2024-07-18,216.64,217.45,214.18,214.33,2165441,216.87,-1.1534444393988,HON
2024-07-19,214.39,214.8,210.901,211.27,2660590,214.33,-1.4057977672624,HON
2024-07-22,211.93,213.77,210.29,213.63,2784618,211.27,1.0996691673268,HON
2024-07-23,213.64,215.52,212.865,214.04,1791248,213.63,0.18896621652763,HON
2024-07-24,214.04,214.425,209.79,210.31,3524717,214.04,-1.7158892262398,HON
2024-07-25,199.45,201.887,195.66,199.11,6683690,210.31,-5.2422185817927,HON
2024-07-26,199.69,204.46,194.9,199.4,7452531,199.11,0.1432452457397,HON
2024-07-29,200.19,200.42,195.79,198.06,2874004,199.4,-0.66094505277696,HON
2024-07-30,198.61,200.61,198.125,199.3,2608471,198.06,0.61569016881826,HON
2024-07-31,200.42,203.42,198.8,201.41,3323861,199.3,1.0412554283458,HON
2024-08-01,200.99,203.42,198.16,201.24,3742962,201.41,-0.083028083028077,HON
2024-08-02,204.91,205.62,197.964,200.35,3377778,201.24,-0.4350376380878,HON
2024-08-05,199.19,199.19,193.56,196.37,3915475,200.35,-1.9539496293387,HON
2024-08-06,196.36,198.84,195.15,195.46,3629081,196.37,-0.45566070802664,HON
2024-08-07,197.21,200.614,194.36,194.58,3292176,195.46,-0.44265593561369,HON
2024-08-08,194.58,197.2,194.58,196.48,2461136,194.58,0.95998383185126,HON
2024-08-09,195.685,195.82,194.18,194.89,1888151,196.48,-0.79571614453008,HON
2024-08-12,195.12,195.16,193.19,193.45,3073966,194.89,-0.72642889572718,HON
2024-08-13,193.92,194.072,192.27,193.39,3739387,193.45,-0.030489354133849,HON
2024-08-14,192.66,194.45,192.23,194.26,3471298,193.39,0.44223046815433,HON
2024-08-15,195.612,196.89,194.76,195.12,2900232,194.26,0.43522267206478,HON
2024-08-16,195.33,197.35,194.57,196.24,2811121,195.12,0.020155195001508,HON
2024-08-19,196.2,197.165,195.58,196.78,2044386,196.24,0.272040302267,HON
2024-08-20,196.74,198.25,195.67,197.81,3060420,196.78,0.51748392282958,HON
2024-08-21,198.58,199.52,197.63,199.16,1784934,197.81,0.67476383265857,HON
2024-08-22,198.49,199.11,197.061,197.88,1947583,199.16,-0.63548803495184,HON
2024-08-23,199.43,200.52,198.58,200.22,2948370,197.88,1.169181572899,HON
2024-08-26,201.33,202.56,200.65,201.59,1834868,200.22,0.67661003555907,HON
2024-08-27,201.71,204.04,201.495,203.85,2362143,201.59,1.1086583272014,HON
2024-08-28,204.35,204.84,201.53,202.735,2338802,203.85,-0.54097326670225,HON
2024-08-29,204.06,206.145,202.18,205.25,2369363,202.735,1.2268591916876,HON
2024-08-30,205.72,206.49,203.04,205.65,1923464,205.25,0.19276179461231,HON
2024-09-03,205.39,205.65,201.845,202.6,2056901,205.65,-1.4669809051994,HON
2024-09-04,203.01,204.87,202.92,203.28,1739592,202.6,0.33193400370984,HON
2024-09-05,202.93,203.17,199.43,200.72,1512221,203.28,-1.2454996594337,HON
2024-09-06,200.74,200.84,195.59,195.87,2540656,200.72,-2.3893979702434,HON
2024-09-09,197.72,199.44,196.89,198.9,2300381,195.87,1.529298945137,HON
2024-09-10,198.04,198.92,196.31,198.69,1395465,198.9,-0.10439451183138,HON
2024-09-11,198.58,202.1,195.1,201.78,2737800,198.69,1.5376959442647,HON
2024-09-12,201.68,202.73,199.61,202.41,1945783,201.78,0.30876298764948,HON
2024-09-13,202.21,203.36,201.3,201.89,1973329,202.41,-0.25406752333023,HON
2024-09-16,203.74,204.69,201.47,202.42,1562228,201.89,0.25961302963507,HON
2024-09-17,202.74,203.48,201.29,201.98,1441683,202.42,-0.21496970881376,HON
2024-09-18,201.98,202.46,198.33,199.38,2391512,201.98,-1.2730121425774,HON
2024-09-19,201.902,203.28,199.92,201.44,2695351,199.38,1.0216226939099,HON
2024-09-20,201.53,201.53,199.7,201.09,3829991,201.44,-0.17182130584192,HON
2024-09-23,201.75,201.79,200.352,201.51,2263834,201.09,0.20654044750431,HON
2024-09-24,201.51,203.74,200.43,203.01,2581852,201.51,0.73612406144182,HON
2024-09-25,203.94,205.5,203.0,204.52,2858263,203.01,0.73561650509085,HON
2024-09-26,205.46,206.24,204.2989,204.77,1597994,204.52,0.12090144114518,HON
2024-09-27,205.24,208.5908,204.87,205.37,2454314,204.77,0.28981307056948,HON
2024-09-30,205.84,206.535,201.97,204.45,2624435,205.37,-0.44309589173048,HON
2024-10-01,204.17,205.74,202.57,203.81,2300363,204.45,-0.30961250060472,HON
2024-10-02,203.31,203.79,201.4,201.62,1841857,203.81,-1.0627456689474,HON
2024-10-03,200.24,201.31,199.34,200.62,2047574,201.62,-0.4904845987836,HON
2024-10-04,202.31,202.82,199.38,201.52,1643484,200.62,0.44361198738171,HON
2024-10-07,199.948,202.07,199.46,201.07,1801376,201.52,-0.22082638139169,HON
2024-10-08,206.43,207.42,201.53,204.74,4132402,201.07,1.8049476220922,HON
2024-10-09,204.76,211.77,204.64,211.44,5082641,204.74,3.2367149758454,HON
2024-10-10,209.24,211.41,208.8605,211.34,4957712,211.44,-0.046794571829665,HON
2024-10-11,212.92,214.31,211.47,213.73,3809522,211.34,1.1189138576779,HON
2024-10-14,213.98,215.46,213.0,215.34,1849911,213.73,0.74540487985554,HON
2024-10-15,215.74,216.96,214.22,215.01,3948448,215.34,-0.1516544117647,HON
2024-10-16,214.81,217.35,214.3,216.7,2596527,215.01,0.77783403138951,HON
2024-10-17,216.74,217.82,216.093,217.29,3135029,216.7,0.26945560833029,HON
2024-10-18,215.46,219.81,215.46,219.76,4033830,217.29,1.1250284673195,HON
2024-10-21,219.71,220.72,217.83,219.24,3690081,219.76,-0.2342131339519,HON
2024-10-22,218.29,220.58,217.495,220.09,4011812,219.24,0.38374717832957,HON
2024-10-23,219.28,220.36,216.909,218.08,6183773,220.09,-0.90398021137845,HON
2024-10-24,212.11,213.94,206.64,206.84,8700221,218.08,-5.1012072251974,HON
2024-10-25,206.84,208.1,204.38,205.74,6088157,206.84,-0.52606408417025,HON
2024-10-28,205.8,206.455,202.65,203.84,6094811,205.74,-0.91346153846154,HON
2024-10-29,202.77,205.34,200.77,203.72,6070779,203.84,-0.058224163027659,HON
2024-10-30,202.19,204.37,200.83,201.94,5354151,203.72,-0.86416156908438,HON
2024-10-31,202.39,203.89,201.125,203.42,4654890,201.94,0.72477962781588,HON
2024-11-01,204.03,207.27,203.52,206.93,4484366,203.42,1.7065344224037,HON
2024-11-04,206.57,206.57,204.16,205.28,4030035,206.93,-0.78875663272623,HON
2024-11-05,205.94,209.58,204.36,206.52,7377556,205.28,0.59747518550641,HON
2024-11-06,209.8,214.63,206.83,214.14,6152479,206.52,3.6497748826516,HON
2024-11-07,214.69,216.09,213.16,215.24,5373275,214.14,0.5083179297597,HON
2024-11-08,215.19,217.45,214.2501,217.23,5694771,215.24,0.91494252873564,HON
2024-11-11,216.94,223.06,216.94,222.98,7298570,217.23,2.6197093261652,HON
2024-11-12,237.1,240.51,227.32,231.65,11088659,222.98,3.8492274906766,HON
2024-11-13,232.74,234.27,229.92,230.81,5531218,231.65,-0.35911247915865,HON
2024-11-14,230.73,232.31,228.025,228.41,3837299,230.81,-1.0297335564423,HON
2024-11-15,227.87,230.07,227.26,227.86,3707893,228.41,-0.7283131746651,HON
2024-11-18,228.35,228.94,227.14,227.72,3446209,227.86,-0.061138040962494,HON
2024-11-19,226.2,227.78,225.14,227.07,3696895,227.72,-0.28402883985143,HON
2024-11-20,226.11,227.76,224.28,225.54,4633042,227.07,-0.67046450482033,HON
2024-11-21,226.87,227.74,223.69,224.96,5630844,225.54,-0.25587859002073,HON
2024-11-22,226.62,228.99,225.9901,227.98,3834380,224.96,1.3357512495024,HON
2024-11-25,229.99,230.86,228.57,229.47,3837698,227.98,0.65034263017764,HON
2024-11-26,230.67,231.37,228.72,229.27,4203200,229.47,-0.086730268863829,HON
2024-11-27,231.05,231.83,228.34,228.51,2870048,229.27,-0.32986111111112,HON
2024-11-29,228.28,232.14,228.28,231.8,1917465,228.51,1.4326772339314,HON
2024-12-02,232.06,232.5828,228.68,228.82,3225380,231.8,-1.2793543124544,HON
2024-12-03,227.01,228.07,222.03,225.83,4023330,228.82,-1.3002826701457,HON
2024-12-04,226.265,229.01,225.66,228.66,2654773,225.83,1.2469157560804,HON
2024-12-05,228.82,229.01,224.3801,225.16,5183727,228.66,-1.5231298141782,HON
2024-12-06,226.16,226.83,224.58,225.25,3180066,225.16,0.039771974015645,HON
2024-12-09,225.51,226.605,223.81,223.96,2542823,225.25,-0.56983832494036,HON
2024-12-10,224.03,228.41,223.45,227.95,3547932,223.96,1.7726242836199,HON
2024-12-11,230.76,232.87,226.73,227.93,4382520,227.95,-0.0087305744718047,HON
2024-12-12,226.62,228.81,226.21,226.56,2715885,227.93,-0.59809656858465,HON
2024-12-13,224.81,227.96,224.74,226.49,2432344,226.56,-0.030743554833323,HON
2024-12-16,231.33,236.8132,229.02,234.87,8197292,226.49,3.6815745540814,HON
2024-12-17,237.03,237.18,230.51,232.0,5382412,234.87,-1.2161016949153,HON
2024-12-18,232.57,233.57,225.28,225.73,6428865,232.0,-2.6894865525672,HON
2024-12-19,227.49,232.37,225.17,225.75,4871103,225.73,0.008816009873923,HON
2024-12-20,224.03,228.62,223.49,227.19,6833319,225.75,0.63469675599436,HON
2024-12-23,226.64,227.12,224.82,226.01,3467872,227.19,-0.51681850035039,HON
2024-12-24,225.52,228.15,224.52,227.77,1873589,226.01,0.77485251386811,HON
2024-12-26,227.65,230.88,227.29,230.73,3072184,227.77,1.2931411096549,HON
2024-12-27,229.87,230.43,227.67,228.38,3053908,230.73,-1.0135426550505,HON
2024-12-30,226.02,226.3,224.27,225.47,2371579,228.38,-1.2679186092109,HON
2024-12-31,226.02,226.415,224.47,224.76,1936889,225.47,-0.31332744924978,HON
2025-01-02,225.94,226.86,223.52,224.39,2089908,224.76,-0.16379653813802,HON
2025-01-03,224.85,226.29,224.73,225.39,2637525,224.39,0.44341965235899,HON
2025-01-06,223.55,225.79,220.23,220.61,3829308,225.39,-2.1101889457885,HON
2025-01-07,220.37,221.95,218.7765,219.5,3016422,220.61,-0.5005862722107,HON
2025-01-08,218.96,220.25,218.07,219.04,3120530,219.5,-0.20849385849613,HON
2025-01-10,218.84,218.87,215.15,217.06,3585164,219.04,-0.89930508243629,HON
2025-01-13,216.54,227.84,216.29,217.97,5392319,217.06,0.41706769329483,HON
2025-01-14,219.21,219.38,213.47,217.37,4021811,217.97,-0.2738475581926,HON
2025-01-15,218.65,219.4,215.06,218.41,4647771,217.37,0.47597254004576,HON
2025-01-16,218.87,223.4,218.7938,221.56,4611744,218.41,1.4348182563542,HON
2025-01-17,225.71,225.74,221.16,221.45,3349234,221.56,-0.049396021374999,HON
2025-01-21,222.24,226.6,222.0601,223.94,4656600,221.45,1.1186988947794,HON
2025-01-22,222.87,223.41,221.51,221.96,2972518,223.94,-0.87972630737104,HON
2025-01-23,222.32,224.94,221.62,224.53,3036822,221.96,1.1520014343987,HON
2025-01-24,223.87,226.02,220.15,220.38,6332908,224.53,-1.8390498980768,HON
2025-01-27,219.12,224.74,218.97,224.58,3111027,220.38,1.8960769265496,HON
2025-01-28,223.59,223.59,219.04,219.57,3599491,224.58,-2.2196623986531,HON
2025-01-29,219.82,221.67,219.52,219.92,1916268,219.57,0.15858631626644,HON
2025-01-30,220.92,223.57,220.45,222.93,1813433,219.92,1.3616828771771,HON
2025-01-31,221.72,224.82,221.415,222.59,2481816,222.93,-0.15174506828528,HON
2025-02-03,221.37,222.17,218.5333,221.28,3220569,222.59,-0.58555337028429,HON
2025-02-04,223.44,224.57,221.98,222.42,3442900,221.28,0.51256688098557,HON
2025-02-05,222.42,223.075,218.12,221.22,4596931,222.42,-0.5367926638336,HON
2025-02-06,213.87,214.11,205.05,208.69,12185282,221.22,-5.6352597256577,HON
2025-02-07,210.87,212.27,204.245,204.39,6696581,208.69,-2.0493756553236,HON
2025-02-10,205.42,208.025,203.95,207.39,6628210,204.39,1.4597119501752,HON
2025-02-11,205.44,208.21,204.65,205.81,3077514,207.39,-0.75772108191061,HON
2025-02-12,204.455,205.16,203.12,203.88,3413222,205.81,-0.93263747946265,HON
2025-02-13,205.38,206.17,203.48,204.14,3382403,203.88,0.1268230818009,HON
2025-02-14,203.69,204.01,200.41,201.62,5351415,204.14,-1.2276513859794,HON
2025-02-18,203.285,207.26,201.65,206.91,4897883,201.62,2.6091245376079,HON
2025-02-19,206.8,210.57,206.79,209.68,5064594,206.91,1.3314747164007,HON
2025-02-20,208.46,210.37,207.74,210.22,3635989,209.68,0.25615483136473,HON
2025-02-21,210.03,211.37,208.27,210.81,6222122,210.22,0.27915779512657,HON
2025-02-24,210.63,214.06,208.59,208.78,6742157,210.81,-0.95781825044824,HON
2025-02-25,210.02,212.69,209.89,210.87,3798426,208.78,0.99566480872755,HON
2025-02-26,209.7,211.58,208.6226,210.2,3126930,210.87,-0.31603773584905,HON
2025-02-27,210.66,213.755,210.49,211.14,2755384,210.2,0.44480196848531,HON
2025-02-28,212.99,213.77,210.59,212.89,3976646,212.27,0.29208084043905,HON
2025-03-03,213.72,216.055,211.03,212.02,5333469,212.89,-0.40866175019962,HON
2025-03-04,211.7,212.53,207.83,208.0,6961807,212.02,-1.8960475426847,HON
2025-03-05,208.0,210.43,206.79,209.62,5295803,208.0,0.77884615384616,HON
2025-03-06,208.94,211.74,207.9048,211.26,5042728,209.62,0.78236809464745,HON
2025-03-07,211.25,215.36,210.79,214.52,5682735,211.26,1.5431222190666,HON
2025-03-10,214.29,218.4742,213.58,213.82,4177089,214.52,-0.32630990117472,HON
2025-03-11,213.49,213.75,206.92,208.59,5243484,213.82,-2.4459826021888,HON
2025-03-12,207.09,207.79,204.73,206.35,3812680,208.59,-1.0738769835563,HON
2025-03-13,205.66,207.9,205.11,206.69,3530967,206.35,0.16476859704386,HON
2025-03-14,208.47,211.15,207.89,209.47,3884590,206.69,1.3450094344187,HON
2025-03-17,208.44,211.11,207.725,210.42,4415159,209.47,0.45352556451997,HON
2025-03-18,210.41,211.51,208.83,209.74,3811392,210.42,-0.32316319741468,HON
2025-03-19,210.29,212.12,208.31,208.65,6408344,209.74,-0.51969104605702,HON
2025-03-20,207.59,211.67,207.295,210.89,3583283,208.65,1.0735681763719,HON
2025-03-21,209.13,211.45,208.78,210.12,6545140,210.89,-0.36511925648441,HON
2025-03-24,211.64,212.68,210.5,211.85,4248215,210.12,0.8233390443556,HON
2025-03-25,211.09,213.01,210.27,212.12,3810393,211.85,0.12744866650933,HON
2025-03-26,212.73,217.1639,212.61,213.12,5251418,212.12,0.47143126532152,HON
2025-03-27,213.1,215.21,212.27,214.17,3584360,213.12,0.49268018018017,HON
2025-03-28,214.27,214.9,209.965,210.34,3253418,214.17,-1.7882990148013,HON
2025-03-31,210.83,212.44,209.76,211.75,3968314,210.34,0.67034325377959,HON
2025-04-01,211.11,213.63,209.6804,213.45,2563812,211.75,0.80283353010625,HON
2025-04-02,212.49,216.41,212.325,215.99,3423931,213.45,1.1899742328414,HON
2025-04-03,213.59,216.29,206.3324,206.68,6510705,215.99,-4.3103847400343,HON
2025-04-04,203.25,204.63,190.71,190.99,8445698,206.68,-7.5914457131798,HON
2025-04-07,190.81,196.2299,183.39,187.46,9352215,190.99,-1.8482643070318,HON
2025-04-08,188.24,191.17,180.83,182.86,6952006,187.46,-2.4538568227889,HON
2025-04-09,180.5,199.78,179.36,199.1,9141303,182.86,8.881111232637,HON
2025-04-10,196.99,199.55,188.8,193.39,5821691,199.1,-2.8679055750879,HON
2025-04-11,192.78,199.41,191.6001,198.55,5102934,193.39,2.6681834634676,HON
2025-04-14,199.02,201.36,198.2,200.25,4492187,198.55,0.85620750440694,HON
2025-04-15,200.83,202.36,198.39,198.81,3019515,200.25,-0.7191011235955,HON
2025-04-16,197.5,198.59,192.51,193.28,4129331,198.81,-2.7815502238318,HON
2025-04-17,195.25,198.33,194.975,196.6,3215569,193.28,1.7177152317881,HON
2025-04-21,194.98,195.8,192.12,194.23,4948636,196.6,-1.205493387589,HON
