quarter,period_start,period_end,sentiment_scores,signals,execution_results,portfolio_summary
2020_Q1,2020-01-01,2020-03-31,"{'AAPL': 50.0, 'AMGN': 50.0, 'AMZN': 50.0, 'AXP': 50.0, 'BA': 50.0, 'CAT': 50.0, 'CSCO': 50.0, 'CVX': 50.0, 'CRM': 50.0, 'DIS': 50.0, 'DOW': 50.0, 'GS': 50.0, 'HD': 50.0, 'HON': 50.0, 'IBM': 50.0, 'INTC': 50.0, 'JNJ': 50.0, 'JPM': 50.0, 'KO': 50.0, 'MCD': 50.0, 'MMM': 50.0, 'MRK': 50.0, 'MSFT': 50.0, 'NKE': 50.0, 'PG': 50.0, 'TRV': 50.0, 'UNH': 50.0, 'V': 50.0, 'VZ': 50.0, 'WMT': 50.0}",10,"{'AAPL': {'success': True, 'action': 'BUY', 'shares': np.float64(142.1460570290834), 'price': np.float64(70.315), 'value': 9995.0, 'commission': 5.0}, 'AMGN': {'success': True, 'action': 'BUY', 'shares': np.float64(50.22613065326633), 'price': np.float64(199.0), 'value': 9995.0, 'commission': 5.0}, 'AXP': {'success': True, 'action': 'BUY', 'shares': np.float64(87.43766949523226), 'price': np.float64(114.31), 'value': 9995.0, 'commission': 5.0}, 'BA': {'success': True, 'action': 'BUY', 'shares': np.float64(30.17221861651548), 'price': np.float64(331.265), 'value': 9995.0, 'commission': 5.0}, 'CAT': {'success': True, 'action': 'BUY', 'shares': np.float64(80.42970950350045), 'price': np.float64(124.27), 'value': 9995.0, 'commission': 5.0}, 'TRV': {'success': True, 'action': 'SELL_SHORT', 'price': np.float64(117.85), 'value': 10000.0, 'note': 'Short position recorded'}, 'UNH': {'success': True, 'action': 'SELL_SHORT', 'price': np.float64(258.1), 'value': 10000.0, 'note': 'Short position recorded'}, 'V': {'success': True, 'action': 'SELL_SHORT', 'price': np.float64(182.38), 'value': 10000.0, 'note': 'Short position recorded'}, 'VZ': {'success': True, 'action': 'SELL_SHORT', 'price': np.float64(46.8325), 'value': 10000.0, 'note': 'Short position recorded'}, 'WMT': {'success': True, 'action': 'SELL_SHORT', 'price': np.float64(35.621666666667), 'value': 10000.0, 'note': 'Short position recorded'}}","{'cash': 250025.0, 'total_market_value': np.float64(34864.17735981271), 'total_unrealized_pnl': np.float64(-15110.822640187289), 'total_portfolio_value': np.float64(284889.1773598127), 'num_positions': 5, 'positions': {'AAPL': {'shares': np.float64(142.1460570290834), 'market_value': np.float64(8385.551269288202), 'cost_basis': 9995.0, 'unrealized_pnl': np.float64(-1609.448730711798)}, 'AMGN': {'shares': np.float64(50.22613065326633), 'market_value': np.float64(8198.411306532662), 'cost_basis': 9995.0, 'unrealized_pnl': np.float64(-1796.588693467338)}, 'AXP': {'shares': np.float64(87.43766949523226), 'market_value': np.float64(6476.508179511853), 'cost_basis': 9995.0, 'unrealized_pnl': np.float64(-3518.491820488147)}, 'BA': {'shares': np.float64(30.17221861651548), 'market_value': np.float64(4499.884684467118), 'cost_basis': 9995.0, 'unrealized_pnl': np.float64(-5495.115315532882)}, 'CAT': {'shares': np.float64(80.42970950350045), 'market_value': np.float64(7303.821920012876), 'cost_basis': 9995.0, 'unrealized_pnl': np.float64(-2691.178079987124)}}}"
2020_Q2,2020-04-01,2020-06-30,"{'AAPL': 50.0, 'AMGN': 50.0, 'AMZN': 50.0, 'AXP': 50.0, 'BA': 50.0, 'CAT': 50.0, 'CSCO': 50.0, 'CVX': 50.0, 'CRM': 50.0, 'DIS': 50.0, 'DOW': 50.0, 'GS': 50.0, 'HD': 50.0, 'HON': 50.0, 'IBM': 50.0, 'INTC': 50.0, 'JNJ': 50.0, 'JPM': 50.0, 'KO': 50.0, 'MCD': 50.0, 'MMM': 50.0, 'MRK': 50.0, 'MSFT': 50.0, 'NKE': 50.0, 'PG': 50.0, 'TRV': 50.0, 'UNH': 50.0, 'V': 50.0, 'VZ': 50.0, 'WMT': 50.0}",10,"{'AAPL': {'success': True, 'action': 'BUY', 'shares': np.float64(179.6127409137877), 'price': np.float64(55.6475), 'value': 9995.0, 'commission': 5.0}, 'AMGN': {'success': True, 'action': 'BUY', 'shares': np.float64(63.135619986103215), 'price': np.float64(158.31), 'value': 9995.0, 'commission': 5.0}, 'AXP': {'success': True, 'action': 'BUY', 'shares': np.float64(150.75414781297135), 'price': np.float64(66.3), 'value': 9995.0, 'commission': 5.0}, 'BA': {'success': True, 'action': 'BUY', 'shares': np.float64(76.47283856159143), 'price': np.float64(130.7), 'value': 9995.0, 'commission': 5.0}, 'CAT': {'success': True, 'action': 'BUY', 'shares': np.float64(116.05898745935903), 'price': np.float64(86.12), 'value': 9995.0, 'commission': 5.0}, 'TRV': {'success': True, 'action': 'SELL_SHORT', 'price': np.float64(76.36), 'value': 10000.0, 'note': 'Short position recorded'}, 'UNH': {'success': True, 'action': 'SELL_SHORT', 'price': np.float64(204.0), 'value': 10000.0, 'note': 'Short position recorded'}, 'V': {'success': True, 'action': 'SELL_SHORT', 'price': np.float64(144.67), 'value': 10000.0, 'note': 'Short position recorded'}, 'VZ': {'success': True, 'action': 'SELL_SHORT', 'price': np.float64(39.3175), 'value': 10000.0, 'note': 'Short position recorded'}, 'WMT': {'success': True, 'action': 'SELL_SHORT', 'price': np.float64(34.201666666667), 'value': 10000.0, 'note': 'Short position recorded'}}","{'cash': 200050.0, 'total_market_value': np.float64(110056.18238545375), 'total_unrealized_pnl': np.float64(10106.182385453743), 'total_portfolio_value': np.float64(310106.1823854537), 'num_positions': 5, 'positions': {'AAPL': {'shares': np.float64(321.75879794287107), 'market_value': np.float64(27936.70763138978), 'cost_basis': 19990.0, 'unrealized_pnl': np.float64(7946.707631389781)}, 'AMGN': {'shares': np.float64(113.36175063936955), 'market_value': np.float64(22441.092156569597), 'cost_basis': 19990.0, 'unrealized_pnl': np.float64(2451.092156569597)}, 'AXP': {'shares': np.float64(238.1918173082036), 'market_value': np.float64(20029.549917446842), 'cost_basis': 19990.0, 'unrealized_pnl': np.float64(39.5499174468423)}, 'BA': {'shares': np.float64(106.64505717810691), 'market_value': np.float64(19548.038980747), 'cost_basis': 19990.0, 'unrealized_pnl': np.float64(-441.9610192530017)}, 'CAT': {'shares': np.float64(196.48869696285948), 'market_value': np.float64(20100.793699300524), 'cost_basis': 19990.0, 'unrealized_pnl': np.float64(110.79369930052417)}}}"
2020_Q3,2020-07-01,2020-09-30,"{'AAPL': 50.0, 'AMGN': 90, 'AMZN': 90, 'AXP': 10, 'BA': 10, 'CAT': 50.0, 'CSCO': 50.0, 'CVX': 10, 'CRM': 50.0, 'DIS': 50.0, 'DOW': 10, 'GS': 10, 'HD': 50.0, 'HON': 90, 'IBM': 90, 'INTC': 50.0, 'JNJ': 50.0, 'JPM': 10, 'KO': 90, 'MCD': 90, 'MMM': 50.0, 'MRK': 90, 'MSFT': 50.0, 'NKE': 90, 'PG': 90, 'TRV': 35, 'UNH': 90, 'V': 50.0, 'VZ': 90, 'WMT': 50.0}",10,"{'AMGN': {'success': True, 'action': 'BUY', 'shares': np.float64(46.01325844765675), 'price': np.float64(217.22), 'value': 9995.0, 'commission': 5.0}, 'HON': {'success': True, 'action': 'BUY', 'shares': np.float64(49.10100216152486), 'price': np.float64(203.56), 'value': 9995.0, 'commission': 5.0}, 'IBM': {'success': True, 'action': 'BUY', 'shares': np.float64(114.66100722725709), 'price': np.float64(87.17), 'value': 9995.0, 'commission': 5.0}, 'KO': {'success': True, 'action': 'BUY', 'shares': np.float64(275.5720981527433), 'price': np.float64(36.27), 'value': 9995.0, 'commission': 5.0}, 'MCD': {'success': True, 'action': 'BUY', 'shares': np.float64(63.8943936585054), 'price': np.float64(156.43), 'value': 9995.0, 'commission': 5.0}, 'BA': {'success': True, 'action': 'CLOSE', 'shares': np.float64(106.64505717810691), 'price': np.float64(180.32), 'proceeds': np.float64(19220.621592001058), 'realized_pnl': np.float64(-769.3784079989418), 'commission': np.float64(9.615118355178119)}, 'CVX': {'success': True, 'action': 'SELL_SHORT', 'price': np.float64(59.78), 'value': 10000.0, 'note': 'Short position recorded'}, 'DOW': {'success': True, 'action': 'SELL_SHORT', 'price': np.float64(27.45), 'value': 10000.0, 'note': 'Short position recorded'}, 'GS': {'success': True, 'action': 'SELL_SHORT', 'price': np.float64(154.57), 'value': 10000.0, 'note': 'Short position recorded'}, 'JPM': {'success': True, 'action': 'SELL_SHORT', 'price': np.float64(72.46), 'value': 10000.0, 'note': 'Short position recorded'}}","{'cash': np.float64(169295.62159200106), 'total_market_value': np.float64(160929.01252615673), 'total_unrealized_pnl': np.float64(30994.012526156737), 'total_portfolio_value': np.float64(330224.6341181578), 'num_positions': 8, 'positions': {'AAPL': {'shares': np.float64(321.75879794287107), 'market_value': np.float64(35921.15220234213), 'cost_basis': 19990.0, 'unrealized_pnl': np.float64(15931.152202342128)}, 'AMGN': {'shares': np.float64(159.37500908702629), 'market_value': np.float64(34721.43947969955), 'cost_basis': 29985.0, 'unrealized_pnl': np.float64(4736.4394796995475)}, 'AXP': {'shares': np.float64(238.1918173082036), 'market_value': np.float64(21334.841076295797), 'cost_basis': 19990.0, 'unrealized_pnl': np.float64(1344.8410762957974)}, 'CAT': {'shares': np.float64(196.48869696285948), 'market_value': np.float64(24753.64604338104), 'cost_basis': 19990.0, 'unrealized_pnl': np.float64(4763.646043381039)}, 'HON': {'shares': np.float64(49.10100216152486), 'market_value': np.float64(9995.0), 'cost_basis': 9995.0, 'unrealized_pnl': np.float64(0.0)}, 'IBM': {'shares': np.float64(114.66100722725709), 'market_value': np.float64(10540.786394401744), 'cost_basis': 9995.0, 'unrealized_pnl': np.float64(545.7863944017445)}, 'KO': {'shares': np.float64(275.5720981527433), 'market_value': np.float64(11361.837606837606), 'cost_basis': 9995.0, 'unrealized_pnl': np.float64(1366.8376068376056)}, 'MCD': {'shares': np.float64(63.8943936585054), 'market_value': np.float64(12300.309723198874), 'cost_basis': 9995.0, 'unrealized_pnl': np.float64(2305.309723198874)}}}"
2020_Q4,2020-10-01,2020-12-31,"{'AAPL': 50.0, 'AMGN': 50.0, 'AMZN': 50.0, 'AXP': 50.0, 'BA': 50.0, 'CAT': 50.0, 'CSCO': 90, 'CVX': 50.0, 'CRM': 90, 'DIS': 50.0, 'DOW': 50.0, 'GS': 50.0, 'HD': 90, 'HON': 50.0, 'IBM': 50.0, 'INTC': 50.0, 'JNJ': 50.0, 'JPM': 50.0, 'KO': 50.0, 'MCD': 50.0, 'MMM': 50.0, 'MRK': 50.0, 'MSFT': 90, 'NKE': 90, 'PG': 90, 'TRV': 50.0, 'UNH': 50.0, 'V': 10, 'VZ': 50.0, 'WMT': 90}",10,"{'CSCO': {'success': True, 'action': 'BUY', 'shares': np.float64(313.61782240351425), 'price': np.float64(31.87), 'value': 9995.0, 'commission': 5.0}, 'HD': {'success': True, 'action': 'BUY', 'shares': np.float64(41.25732683893338), 'price': np.float64(242.26), 'value': 9995.0, 'commission': 5.0}, 'MSFT': {'success': True, 'action': 'BUY', 'shares': np.float64(49.88520662806947), 'price': np.float64(200.36), 'value': 9995.0, 'commission': 5.0}, 'NKE': {'success': True, 'action': 'BUY', 'shares': np.float64(82.82234007292011), 'price': np.float64(120.68), 'value': 9995.0, 'commission': 5.0}, 'PG': {'success': True, 'action': 'BUY', 'shares': np.float64(82.14127806733366), 'price': np.float64(121.6806), 'value': 9995.0, 'commission': 5.0}, 'MRK': {'success': True, 'action': 'SELL_SHORT', 'price': np.float64(68.66), 'value': 10000.0, 'note': 'Short position recorded'}, 'TRV': {'success': True, 'action': 'SELL_SHORT', 'price': np.float64(90.67), 'value': 10000.0, 'note': 'Short position recorded'}, 'UNH': {'success': True, 'action': 'SELL_SHORT', 'price': np.float64(282.25), 'value': 10000.0, 'note': 'Short position recorded'}, 'VZ': {'success': True, 'action': 'SELL_SHORT', 'price': np.float64(47.0775), 'value': 10000.0, 'note': 'Short position recorded'}, 'V': {'success': True, 'action': 'SELL_SHORT', 'price': np.float64(195.51), 'value': 10000.0, 'note': 'Short position recorded'}}","{'cash': np.float64(119320.62159200106), 'total_market_value': np.float64(229801.5130644348), 'total_unrealized_pnl': np.float64(49891.51306443484), 'total_portfolio_value': np.float64(349122.13465643587), 'num_positions': 13, 'positions': {'AAPL': {'shares': np.float64(321.75879794287107), 'market_value': np.float64(41418.40126519608), 'cost_basis': 19990.0, 'unrealized_pnl': np.float64(21428.40126519608)}, 'AMGN': {'shares': np.float64(159.37500908702629), 'market_value': np.float64(31113.18927396927), 'cost_basis': 29985.0, 'unrealized_pnl': np.float64(1128.1892739692703)}, 'AXP': {'shares': np.float64(238.1918173082036), 'market_value': np.float64(26358.30650332581), 'cost_basis': 19990.0, 'unrealized_pnl': np.float64(6368.30650332581)}, 'CAT': {'shares': np.float64(196.48869696285948), 'market_value': np.float64(31414.612870421974), 'cost_basis': 19990.0, 'unrealized_pnl': np.float64(11424.612870421974)}, 'HON': {'shares': np.float64(49.10100216152486), 'market_value': np.float64(9995.0), 'cost_basis': 9995.0, 'unrealized_pnl': np.float64(0.0)}, 'IBM': {'shares': np.float64(114.66100722725709), 'market_value': np.float64(11210.406676608925), 'cost_basis': 9995.0, 'unrealized_pnl': np.float64(1215.4066766089254)}, 'KO': {'shares': np.float64(275.5720981527433), 'market_value': np.float64(12982.201543975738), 'cost_basis': 9995.0, 'unrealized_pnl': np.float64(2987.201543975738)}, 'MCD': {'shares': np.float64(63.8943936585054), 'market_value': np.float64(12069.012018155085), 'cost_basis': 9995.0, 'unrealized_pnl': np.float64(2074.0120181550847)}, 'CSCO': {'shares': np.float64(313.61782240351425), 'market_value': np.float64(11861.02604330091), 'cost_basis': 9995.0, 'unrealized_pnl': np.float64(1866.0260433009098)}, 'HD': {'shares': np.float64(41.25732683893338), 'market_value': np.float64(9561.7980681912), 'cost_basis': 9995.0, 'unrealized_pnl': np.float64(-433.2019318088005)}, 'MSFT': {'shares': np.float64(49.88520662806947), 'market_value': np.float64(10519.792373727289), 'cost_basis': 9995.0, 'unrealized_pnl': np.float64(524.7923737272886)}, 'NKE': {'shares': np.float64(82.82234007292011), 'market_value': np.float64(11246.031446801457), 'cost_basis': 9995.0, 'unrealized_pnl': np.float64(1251.0314468014567)}, 'PG': {'shares': np.float64(82.14127806733366), 'market_value': np.float64(10051.734980761108), 'cost_basis': 9995.0, 'unrealized_pnl': np.float64(56.73498076110809)}}}"
2021_Q1,2021-01-01,2021-03-31,"{'AAPL': 50.0, 'AMGN': 90, 'AMZN': 90, 'AXP': 10, 'BA': 90, 'CAT': 90, 'CSCO': 90, 'CVX': 10, 'CRM': 50.0, 'DIS': 90, 'DOW': 90, 'GS': 10, 'HD': 50.0, 'HON': 50.0, 'IBM': 90, 'INTC': 50.0, 'JNJ': 50.0, 'JPM': 10, 'KO': 50.0, 'MCD': 90, 'MMM': 50.0, 'MRK': 90, 'MSFT': 90, 'NKE': 90, 'PG': 90, 'TRV': 30, 'UNH': 50.0, 'V': 90, 'VZ': 90, 'WMT': 50.0}",10,"{'AMGN': {'success': True, 'action': 'BUY', 'shares': np.float64(51.19864767954103), 'price': np.float64(195.22), 'value': 9995.0, 'commission': 5.0}, 'BA': {'success': True, 'action': 'BUY', 'shares': np.float64(46.69251611697655), 'price': np.float64(214.06), 'value': 9995.0, 'commission': 5.0}, 'CAT': {'success': True, 'action': 'BUY', 'shares': np.float64(62.51563672754566), 'price': np.float64(159.88), 'value': 9995.0, 'commission': 5.0}, 'CSCO': {'success': True, 'action': 'BUY', 'shares': np.float64(264.2781597038604), 'price': np.float64(37.82), 'value': 9995.0, 'commission': 5.0}, 'DIS': {'success': True, 'action': 'BUY', 'shares': np.float64(55.549380314566775), 'price': np.float64(179.93), 'value': 9995.0, 'commission': 5.0}, 'TRV': {'success': True, 'action': 'SELL_SHORT', 'price': np.float64(124.08), 'value': 10000.0, 'note': 'Short position recorded'}, 'AXP': {'success': True, 'action': 'CLOSE', 'shares': np.float64(238.1918173082036), 'price': np.float64(110.66), 'proceeds': np.float64(26345.127350074148), 'realized_pnl': np.float64(6355.127350074148), 'commission': np.float64(13.179153251662905)}, 'CVX': {'success': True, 'action': 'SELL_SHORT', 'price': np.float64(59.19), 'value': 10000.0, 'note': 'Short position recorded'}, 'GS': {'success': True, 'action': 'SELL_SHORT', 'price': np.float64(223.21), 'value': 10000.0, 'note': 'Short position recorded'}, 'JPM': {'success': True, 'action': 'SELL_SHORT', 'price': np.float64(108.07), 'value': 10000.0, 'note': 'Short position recorded'}}","{'cash': np.float64(95690.74894207521), 'total_market_value': np.float64(276658.0597865711), 'total_unrealized_pnl': np.float64(66763.05978657103), 'total_portfolio_value': np.float64(372348.80872864625), 'num_positions': 14, 'positions': {'AAPL': {'shares': np.float64(321.75879794287107), 'market_value': np.float64(38093.02408845651), 'cost_basis': 19990.0, 'unrealized_pnl': np.float64(18103.024088456506)}, 'AMGN': {'shares': np.float64(210.57365676656732), 'market_value': np.float64(45456.53528619889), 'cost_basis': 39980.0, 'unrealized_pnl': np.float64(5476.535286198887)}, 'CAT': {'shares': np.float64(259.00433369040513), 'market_value': np.float64(54587.75336858979), 'cost_basis': 29985.0, 'unrealized_pnl': np.float64(24602.753368589787)}, 'HON': {'shares': np.float64(49.10100216152486), 'market_value': np.float64(9995.0), 'cost_basis': 9995.0, 'unrealized_pnl': np.float64(0.0)}, 'IBM': {'shares': np.float64(114.66100722725709), 'market_value': np.float64(12243.502351726513), 'cost_basis': 9995.0, 'unrealized_pnl': np.float64(2248.5023517265126)}, 'KO': {'shares': np.float64(275.5720981527433), 'market_value': np.float64(12510.973256134546), 'cost_basis': 9995.0, 'unrealized_pnl': np.float64(2515.9732561345463)}, 'MCD': {'shares': np.float64(63.8943936585054), 'market_value': np.float64(12762.26618934987), 'cost_basis': 9995.0, 'unrealized_pnl': np.float64(2767.26618934987)}, 'CSCO': {'shares': np.float64(577.8959821073747), 'market_value': np.float64(26086.224632326896), 'cost_basis': 19990.0, 'unrealized_pnl': np.float64(6096.2246323268955)}, 'HD': {'shares': np.float64(41.25732683893338), 'market_value': np.float64(11264.900520102372), 'cost_basis': 9995.0, 'unrealized_pnl': np.float64(1269.900520102372)}, 'MSFT': {'shares': np.float64(49.88520662806947), 'market_value': np.float64(11213.695597923735), 'cost_basis': 9995.0, 'unrealized_pnl': np.float64(1218.6955979237355)}, 'NKE': {'shares': np.float64(82.82234007292011), 'market_value': np.float64(10558.191912495857), 'cost_basis': 9995.0, 'unrealized_pnl': np.float64(563.1919124958567)}, 'PG': {'shares': np.float64(82.14127806733366), 'market_value': np.float64(9811.93994769914), 'cost_basis': 9995.0, 'unrealized_pnl': np.float64(-183.06005230085975)}, 'BA': {'shares': np.float64(46.69251611697655), 'market_value': np.float64(11893.517705316266), 'cost_basis': 9995.0, 'unrealized_pnl': np.float64(1898.517705316266)}, 'DIS': {'shares': np.float64(55.549380314566775), 'market_value': np.float64(10180.534930250653), 'cost_basis': 9995.0, 'unrealized_pnl': np.float64(185.5349302506529)}}}"
2021_Q2,2021-04-01,2021-06-30,"{'AAPL': 10, 'AMGN': 90, 'AMZN': 90, 'AXP': 50.0, 'BA': 90, 'CAT': 90, 'CSCO': 90, 'CVX': 10, 'CRM': 90, 'DIS': 90, 'DOW': 90, 'GS': 10, 'HD': 90, 'HON': 90, 'IBM': 90, 'INTC': 50.0, 'JNJ': 90, 'JPM': 10, 'KO': 50.0, 'MCD': 90, 'MMM': 50.0, 'MRK': 90, 'MSFT': 50.0, 'NKE': 50.0, 'PG': 50.0, 'TRV': 30, 'UNH': 50.0, 'V': 90, 'VZ': 90, 'WMT': 90}",10,"{'AMGN': {'success': True, 'action': 'BUY', 'shares': np.float64(46.22392822457569), 'price': np.float64(216.23), 'value': 9995.0, 'commission': 5.0}, 'BA': {'success': True, 'action': 'BUY', 'shares': np.float64(39.51217583807716), 'price': np.float64(252.96), 'value': 9995.0, 'commission': 5.0}, 'CAT': {'success': True, 'action': 'BUY', 'shares': np.float64(47.22865378254501), 'price': np.float64(211.63), 'value': 9995.0, 'commission': 5.0}, 'CSCO': {'success': True, 'action': 'BUY', 'shares': np.float64(220.10570358951773), 'price': np.float64(45.41), 'value': 9995.0, 'commission': 5.0}, 'DIS': {'success': True, 'action': 'BUY', 'shares': np.float64(53.24419347965054), 'price': np.float64(187.72), 'value': 9995.0, 'commission': 5.0}, 'TRV': {'success': True, 'action': 'SELL_SHORT', 'price': np.float64(135.18), 'value': 10000.0, 'note': 'Short position recorded'}, 'AAPL': {'success': True, 'action': 'CLOSE', 'shares': np.float64(321.75879794287107), 'price': np.float64(119.24), 'proceeds': np.float64(38347.33580717459), 'realized_pnl': np.float64(18357.33580717459), 'commission': np.float64(19.183259533353972)}, 'CVX': {'success': True, 'action': 'SELL_SHORT', 'price': np.float64(81.78), 'value': 10000.0, 'note': 'Short position recorded'}, 'GS': {'success': True, 'action': 'SELL_SHORT', 'price': np.float64(288.39), 'value': 10000.0, 'note': 'Short position recorded'}, 'JPM': {'success': True, 'action': 'SELL_SHORT', 'price': np.float64(135.61), 'value': 10000.0, 'note': 'Short position recorded'}}","{'cash': np.float64(84063.0847492498), 'total_market_value': np.float64(289431.83167359116), 'total_unrealized_pnl': np.float64(49551.83167359118), 'total_portfolio_value': np.float64(373494.91642284096), 'num_positions': 13, 'positions': {'AMGN': {'shares': np.float64(256.797584991143), 'market_value': np.float64(54587.46264156727), 'cost_basis': 49975.0, 'unrealized_pnl': np.float64(4612.462641567268)}, 'CAT': {'shares': np.float64(306.23298747295013), 'market_value': np.float64(60496.3266752813), 'cost_basis': 39980.0, 'unrealized_pnl': np.float64(20516.3266752813)}, 'HON': {'shares': np.float64(49.10100216152486), 'market_value': np.float64(10006.784240518768), 'cost_basis': 9995.0, 'unrealized_pnl': np.float64(11.784240518767547)}, 'IBM': {'shares': np.float64(114.66100722725709), 'market_value': np.float64(13959.97762991855), 'cost_basis': 9995.0, 'unrealized_pnl': np.float64(3964.9776299185505)}, 'KO': {'shares': np.float64(275.5720981527433), 'market_value': np.float64(13012.514474772539), 'cost_basis': 9995.0, 'unrealized_pnl': np.float64(3017.514474772539)}, 'MCD': {'shares': np.float64(63.8943936585054), 'market_value': np.float64(13282.366553730102), 'cost_basis': 9995.0, 'unrealized_pnl': np.float64(3287.366553730102)}, 'CSCO': {'shares': np.float64(798.0016856968924), 'market_value': np.float64(37346.47889061456), 'cost_basis': 29985.0, 'unrealized_pnl': np.float64(7361.478890614562)}, 'HD': {'shares': np.float64(41.25732683893338), 'market_value': np.float64(11895.725047469661), 'cost_basis': 9995.0, 'unrealized_pnl': np.float64(1900.7250474696611)}, 'MSFT': {'shares': np.float64(49.88520662806947), 'market_value': np.float64(12994.098622479536), 'cost_basis': 9995.0, 'unrealized_pnl': np.float64(2999.098622479536)}, 'NKE': {'shares': np.float64(82.82234007292011), 'market_value': np.float64(12369.930601590982), 'cost_basis': 9995.0, 'unrealized_pnl': np.float64(2374.9306015909824)}, 'PG': {'shares': np.float64(82.14127806733366), 'market_value': np.float64(9842.31579232844), 'cost_basis': 9995.0, 'unrealized_pnl': np.float64(-152.68420767156022)}, 'BA': {'shares': np.float64(86.2046919550537), 'market_value': np.float64(20651.196004752666), 'cost_basis': 19990.0, 'unrealized_pnl': np.float64(661.1960047526663)}, 'DIS': {'shares': np.float64(108.79357379421731), 'market_value': np.float64(18986.654498566804), 'cost_basis': 19990.0, 'unrealized_pnl': np.float64(-1003.3455014331957)}}}"
2021_Q3,2021-07-01,2021-09-30,"{'AAPL': 50.0, 'AMGN': 90, 'AMZN': 90, 'AXP': 50.0, 'BA': 90, 'CAT': 90, 'CSCO': 50.0, 'CVX': 90, 'CRM': 90, 'DIS': 50.0, 'DOW': 90, 'GS': 10, 'HD': 90, 'HON': 90, 'IBM': 90, 'INTC': 90, 'JNJ': 90, 'JPM': 10, 'KO': 90, 'MCD': 90, 'MMM': 90, 'MRK': 90, 'MSFT': 90, 'NKE': 90, 'PG': 90, 'TRV': 35, 'UNH': 90, 'V': 50.0, 'VZ': 90, 'WMT': 90}",10,"{'AMGN': {'success': True, 'action': 'BUY', 'shares': np.float64(46.3332097162989), 'price': np.float64(215.72), 'value': 9995.0, 'commission': 5.0}, 'BA': {'success': True, 'action': 'BUY', 'shares': np.float64(41.69273766320444), 'price': np.float64(239.73), 'value': 9995.0, 'commission': 5.0}, 'CAT': {'success': True, 'action': 'BUY', 'shares': np.float64(50.831510959670446), 'price': np.float64(196.63), 'value': 9995.0, 'commission': 5.0}, 'CVX': {'success': True, 'action': 'BUY', 'shares': np.float64(119.58602536491983), 'price': np.float64(83.58), 'value': 9995.0, 'commission': 5.0}, 'DOW': {'success': True, 'action': 'BUY', 'shares': np.float64(188.58490566037736), 'price': np.float64(53.0), 'value': 9995.0, 'commission': 5.0}, 'DIS': {'success': True, 'action': 'CLOSE', 'shares': np.float64(108.79357379421731), 'price': np.float64(176.01), 'proceeds': np.float64(19139.18254505843), 'realized_pnl': np.float64(-850.8174549415708), 'commission': np.float64(9.574378461760094)}, 'V': {'success': True, 'action': 'SELL_SHORT', 'price': np.float64(228.27), 'value': 10000.0, 'note': 'Short position recorded'}, 'TRV': {'success': True, 'action': 'SELL_SHORT', 'price': np.float64(137.27), 'value': 10000.0, 'note': 'Short position recorded'}, 'GS': {'success': True, 'action': 'SELL_SHORT', 'price': np.float64(336.99), 'value': 10000.0, 'note': 'Short position recorded'}, 'JPM': {'success': True, 'action': 'SELL_SHORT', 'price': np.float64(139.88), 'value': 10000.0, 'note': 'Short position recorded'}}","{'cash': np.float64(53227.26729430823), 'total_market_value': np.float64(300344.7400605279), 'total_unrealized_pnl': np.float64(30479.740060527925), 'total_portfolio_value': np.float64(353572.00735483615), 'num_positions': 14, 'positions': {'AMGN': {'shares': np.float64(303.1307947074419), 'market_value': np.float64(55542.65551424458), 'cost_basis': 59970.0, 'unrealized_pnl': np.float64(-4427.3444857554205)}, 'CAT': {'shares': np.float64(357.06449843262055), 'market_value': np.float64(61772.15822884336), 'cost_basis': 49975.0, 'unrealized_pnl': np.float64(11797.158228843356)}, 'HON': {'shares': np.float64(49.10100216152486), 'market_value': np.float64(9705.304087247005), 'cost_basis': 9995.0, 'unrealized_pnl': np.float64(-289.69591275299535)}, 'IBM': {'shares': np.float64(114.66100722725709), 'market_value': np.float64(13269.718366410463), 'cost_basis': 9995.0, 'unrealized_pnl': np.float64(3274.718366410463)}, 'KO': {'shares': np.float64(275.5720981527433), 'market_value': np.float64(12676.316515026192), 'cost_basis': 9995.0, 'unrealized_pnl': np.float64(2681.316515026192)}, 'MCD': {'shares': np.float64(63.8943936585054), 'market_value': np.float64(14011.40158537365), 'cost_basis': 9995.0, 'unrealized_pnl': np.float64(4016.401585373649)}, 'CSCO': {'shares': np.float64(798.0016856968924), 'market_value': np.float64(38782.881924868976), 'cost_basis': 29985.0, 'unrealized_pnl': np.float64(8797.881924868976)}, 'HD': {'shares': np.float64(41.25732683893338), 'market_value': np.float64(12350.380789234709), 'cost_basis': 9995.0, 'unrealized_pnl': np.float64(2355.3807892347086)}, 'MSFT': {'shares': np.float64(49.88520662806947), 'market_value': np.float64(13571.76931523258), 'cost_basis': 9995.0, 'unrealized_pnl': np.float64(3576.769315232579)}, 'NKE': {'shares': np.float64(82.82234007292011), 'market_value': np.float64(11625.771876035797), 'cost_basis': 9995.0, 'unrealized_pnl': np.float64(1630.7718760357966)}, 'PG': {'shares': np.float64(82.14127806733366), 'market_value': np.float64(10313.790300179322), 'cost_basis': 9995.0, 'unrealized_pnl': np.float64(318.790300179322)}, 'BA': {'shares': np.float64(127.89742961825814), 'market_value': np.float64(28129.760670239695), 'cost_basis': 29985.0, 'unrealized_pnl': np.float64(-1855.2393297603048)}, 'CVX': {'shares': np.float64(119.58602536491983), 'market_value': np.float64(9586.015793251974), 'cost_basis': 9995.0, 'unrealized_pnl': np.float64(-408.9842067480258)}, 'DOW': {'shares': np.float64(188.58490566037736), 'market_value': np.float64(9006.815094339623), 'cost_basis': 9995.0, 'unrealized_pnl': np.float64(-988.1849056603769)}}}"
2021_Q4,2021-10-01,2021-12-31,"{'AAPL': 10, 'AMGN': 50.0, 'AMZN': 50.0, 'AXP': 50.0, 'BA': 50.0, 'CAT': 50.0, 'CSCO': 90, 'CVX': 50.0, 'CRM': 90, 'DIS': 50.0, 'DOW': 50.0, 'GS': 50.0, 'HD': 90, 'HON': 50.0, 'IBM': 50.0, 'INTC': 50.0, 'JNJ': 90, 'JPM': 50.0, 'KO': 90, 'MCD': 50.0, 'MMM': 50.0, 'MRK': 50.0, 'MSFT': 90, 'NKE': 50.0, 'PG': 90, 'TRV': 50.0, 'UNH': 50.0, 'V': 50.0, 'VZ': 50.0, 'WMT': 90}",10,"{'CSCO': {'success': True, 'action': 'BUY', 'shares': np.float64(202.69722165889272), 'price': np.float64(49.31), 'value': 9995.0, 'commission': 5.0}, 'HD': {'success': True, 'action': 'BUY', 'shares': np.float64(33.21149692639973), 'price': np.float64(300.95), 'value': 9995.0, 'commission': 5.0}, 'JNJ': {'success': True, 'action': 'BUY', 'shares': np.float64(69.35674137811394), 'price': np.float64(144.11), 'value': 9995.0, 'commission': 5.0}, 'KO': {'success': True, 'action': 'BUY', 'shares': np.float64(214.7153598281418), 'price': np.float64(46.55), 'value': 9995.0, 'commission': 5.0}, 'MSFT': {'success': True, 'action': 'BUY', 'shares': np.float64(35.79358258129208), 'price': np.float64(279.24), 'value': 9995.0, 'commission': 5.0}, 'TRV': {'success': True, 'action': 'SELL_SHORT', 'price': np.float64(138.74), 'value': 10000.0, 'note': 'Short position recorded'}, 'UNH': {'success': True, 'action': 'SELL_SHORT', 'price': np.float64(367.01), 'value': 10000.0, 'note': 'Short position recorded'}, 'V': {'success': True, 'action': 'SELL_SHORT', 'price': np.float64(223.9), 'value': 10000.0, 'note': 'Short position recorded'}, 'VZ': {'success': True, 'action': 'SELL_SHORT', 'price': np.float64(44.4375), 'value': 10000.0, 'note': 'Short position recorded'}, 'AAPL': {'success': True, 'action': 'SELL_SHORT', 'price': np.float64(139.33), 'value': 10000.0, 'note': 'Short position recorded'}}","{'cash': np.float64(3252.267294308229), 'total_market_value': np.float64(389355.72150208143), 'total_unrealized_pnl': np.float64(69515.72150208137), 'total_portfolio_value': np.float64(392607.98879638966), 'num_positions': 15, 'positions': {'AMGN': {'shares': np.float64(303.1307947074419), 'market_value': np.float64(59810.73710372536), 'cost_basis': 59970.0, 'unrealized_pnl': np.float64(-159.26289627463848)}, 'CAT': {'shares': np.float64(357.06449843262055), 'market_value': np.float64(67442.34246395336), 'cost_basis': 49975.0, 'unrealized_pnl': np.float64(17467.342463953362)}, 'HON': {'shares': np.float64(49.10100216152486), 'market_value': np.float64(9568.312291216349), 'cost_basis': 9995.0, 'unrealized_pnl': np.float64(-426.68770878365103)}, 'IBM': {'shares': np.float64(114.66100722725709), 'market_value': np.float64(12853.498910175518), 'cost_basis': 9995.0, 'unrealized_pnl': np.float64(2858.498910175518)}, 'KO': {'shares': np.float64(490.2874579808851), 'market_value': np.float64(26063.68126626385), 'cost_basis': 19990.0, 'unrealized_pnl': np.float64(6073.681266263851)}, 'MCD': {'shares': np.float64(63.8943936585054), 'market_value': np.float64(15822.168701655692), 'cost_basis': 9995.0, 'unrealized_pnl': np.float64(5827.168701655692)}, 'CSCO': {'shares': np.float64(1000.6989073557852), 'market_value': np.float64(57950.47372497352), 'cost_basis': 39980.0, 'unrealized_pnl': np.float64(17970.47372497352)}, 'HD': {'shares': np.float64(74.46882376533311), 'market_value': np.float64(28875.286415007915), 'cost_basis': 19990.0, 'unrealized_pnl': np.float64(8885.286415007915)}, 'MSFT': {'shares': np.float64(85.67878920936155), 'market_value': np.float64(28023.818374597977), 'cost_basis': 19990.0, 'unrealized_pnl': np.float64(8033.818374597977)}, 'NKE': {'shares': np.float64(82.82234007292011), 'market_value': np.float64(13426.743660921446), 'cost_basis': 9995.0, 'unrealized_pnl': np.float64(3431.7436609214456)}, 'PG': {'shares': np.float64(82.14127806733366), 'market_value': np.float64(12338.556376283483), 'cost_basis': 9995.0, 'unrealized_pnl': np.float64(2343.5563762834827)}, 'BA': {'shares': np.float64(127.89742961825814), 'market_value': np.float64(25748.310530747727), 'cost_basis': 29985.0, 'unrealized_pnl': np.float64(-4236.689469252273)}, 'CVX': {'shares': np.float64(119.58602536491983), 'market_value': np.float64(11647.678870543192), 'cost_basis': 9995.0, 'unrealized_pnl': np.float64(1652.6788705431918)}, 'DOW': {'shares': np.float64(188.58490566037736), 'market_value': np.float64(8980.41320754717), 'cost_basis': 9995.0, 'unrealized_pnl': np.float64(-1014.5867924528302)}, 'JNJ': {'shares': np.float64(69.35674137811394), 'market_value': np.float64(10803.69960446881), 'cost_basis': 9995.0, 'unrealized_pnl': np.float64(808.6996044688094)}}}"
2022_Q1,2022-01-01,2022-03-31,"{'AAPL': 90, 'AMGN': 10, 'AMZN': 90, 'AXP': 50.0, 'BA': 90, 'CAT': 90, 'CSCO': 90, 'CVX': 50.0, 'CRM': 50.0, 'DIS': 90, 'DOW': 90, 'GS': 10, 'HD': 50.0, 'HON': 90, 'IBM': 90, 'INTC': 50.0, 'JNJ': 50.0, 'JPM': 10, 'KO': 50.0, 'MCD': 90, 'MMM': 10, 'MRK': 90, 'MSFT': 90, 'NKE': 50.0, 'PG': 90, 'TRV': 30, 'UNH': 90, 'V': 50.0, 'VZ': 90, 'WMT': 50.0}",10,"{'AAPL': {'success': False, 'reason': 'Insufficient cash'}, 'BA': {'success': False, 'reason': 'Insufficient cash'}, 'CAT': {'success': False, 'reason': 'Insufficient cash'}, 'CSCO': {'success': False, 'reason': 'Insufficient cash'}, 'DIS': {'success': False, 'reason': 'Insufficient cash'}, 'TRV': {'success': True, 'action': 'SELL_SHORT', 'price': np.float64(143.63), 'value': 10000.0, 'note': 'Short position recorded'}, 'AMGN': {'success': True, 'action': 'CLOSE', 'shares': np.float64(303.1307947074419), 'price': np.float64(197.31), 'proceeds': np.float64(59780.8317351735), 'realized_pnl': np.float64(-189.16826482649776), 'commission': np.float64(29.905368551862683)}, 'GS': {'success': True, 'action': 'SELL_SHORT', 'price': np.float64(348.55), 'value': 10000.0, 'note': 'Short position recorded'}, 'JPM': {'success': True, 'action': 'SELL_SHORT', 'price': np.float64(143.05), 'value': 10000.0, 'note': 'Short position recorded'}, 'MMM': {'success': True, 'action': 'SELL_SHORT', 'price': np.float64(161.33), 'value': 10000.0, 'note': 'Short position recorded'}}","{'cash': np.float64(63033.09902948173), 'total_market_value': np.float64(319953.60680578946), 'total_unrealized_pnl': np.float64(60083.60680578948), 'total_portfolio_value': np.float64(382986.70583527116), 'num_positions': 14, 'positions': {'CAT': {'shares': np.float64(357.06449843262055), 'market_value': np.float64(73580.28119201011), 'cost_basis': 49975.0, 'unrealized_pnl': np.float64(23605.28119201011)}, 'HON': {'shares': np.float64(49.10100216152486), 'market_value': np.float64(8932.454313224602), 'cost_basis': 9995.0, 'unrealized_pnl': np.float64(-1062.5456867753983)}, 'IBM': {'shares': np.float64(114.66100722725709), 'market_value': np.float64(12624.176895721004), 'cost_basis': 9995.0, 'unrealized_pnl': np.float64(2629.1768957210043)}, 'KO': {'shares': np.float64(490.2874579808851), 'market_value': np.float64(27647.30975554211), 'cost_basis': 19990.0, 'unrealized_pnl': np.float64(7657.309755542112)}, 'MCD': {'shares': np.float64(63.8943936585054), 'market_value': np.float64(14581.978520744102), 'cost_basis': 9995.0, 'unrealized_pnl': np.float64(4586.978520744102)}, 'CSCO': {'shares': np.float64(1000.6989073557852), 'market_value': np.float64(50705.41363571764), 'cost_basis': 39980.0, 'unrealized_pnl': np.float64(10725.41363571764)}, 'HD': {'shares': np.float64(74.46882376533311), 'market_value': np.float64(20402.223646988314), 'cost_basis': 19990.0, 'unrealized_pnl': np.float64(412.2236469883137)}, 'MSFT': {'shares': np.float64(85.67878920936155), 'market_value': np.float64(25677.076338153565), 'cost_basis': 19990.0, 'unrealized_pnl': np.float64(5687.076338153565)}, 'NKE': {'shares': np.float64(82.82234007292011), 'market_value': np.float64(10792.57913490222), 'cost_basis': 9995.0, 'unrealized_pnl': np.float64(797.5791349022202)}, 'PG': {'shares': np.float64(82.14127806733366), 'market_value': np.float64(11524.519882380593), 'cost_basis': 9995.0, 'unrealized_pnl': np.float64(1529.5198823805931)}, 'BA': {'shares': np.float64(127.89742961825814), 'market_value': np.float64(24492.357771896433), 'cost_basis': 29985.0, 'unrealized_pnl': np.float64(-5492.642228103567)}, 'CVX': {'shares': np.float64(119.58602536491983), 'market_value': np.float64(17256.263460157934), 'cost_basis': 9995.0, 'unrealized_pnl': np.float64(7261.263460157934)}, 'DOW': {'shares': np.float64(188.58490566037736), 'market_value': np.float64(10432.516981132076), 'cost_basis': 9995.0, 'unrealized_pnl': np.float64(437.51698113207567)}, 'JNJ': {'shares': np.float64(69.35674137811394), 'market_value': np.float64(11304.45527721879), 'cost_basis': 9995.0, 'unrealized_pnl': np.float64(1309.4552772187908)}}}"
2022_Q2,2022-04-01,2022-06-30,"{'AAPL': 10, 'AMGN': 90, 'AMZN': 90, 'AXP': 10, 'BA': 90, 'CAT': 90, 'CSCO': 90, 'CVX': 10, 'CRM': 90, 'DIS': 90, 'DOW': 90, 'GS': 10, 'HD': 90, 'HON': 90, 'IBM': 90, 'INTC': 50.0, 'JNJ': 90, 'JPM': 50.0, 'KO': 50.0, 'MCD': 90, 'MMM': 50.0, 'MRK': 90, 'MSFT': 50.0, 'NKE': 50.0, 'PG': 50.0, 'TRV': 30, 'UNH': 90, 'V': 50.0, 'VZ': 90, 'WMT': 90}",10,"{'AMGN': {'success': True, 'action': 'BUY', 'shares': np.float64(45.97516099356026), 'price': np.float64(217.4), 'value': 9995.0, 'commission': 5.0}, 'BA': {'success': True, 'action': 'BUY', 'shares': np.float64(52.39568043615014), 'price': np.float64(190.76), 'value': 9995.0, 'commission': 5.0}, 'CAT': {'success': True, 'action': 'BUY', 'shares': np.float64(49.231602797753915), 'price': np.float64(203.02), 'value': 9995.0, 'commission': 5.0}, 'CSCO': {'success': True, 'action': 'BUY', 'shares': np.float64(197.64682618153054), 'price': np.float64(50.57), 'value': 9995.0, 'commission': 5.0}, 'DIS': {'success': True, 'action': 'BUY', 'shares': np.float64(73.6279926335175), 'price': np.float64(135.75), 'value': 9995.0, 'commission': 5.0}, 'TRV': {'success': True, 'action': 'SELL_SHORT', 'price': np.float64(173.33), 'value': 10000.0, 'note': 'Short position recorded'}, 'AAPL': {'success': True, 'action': 'SELL_SHORT', 'price': np.float64(171.43), 'value': 10000.0, 'note': 'Short position recorded'}, 'AXP': {'success': True, 'action': 'SELL_SHORT', 'price': np.float64(179.07), 'value': 10000.0, 'note': 'Short position recorded'}, 'CVX': {'success': True, 'action': 'CLOSE', 'shares': np.float64(119.58602536491983), 'price': np.float64(145.69), 'proceeds': np.float64(17413.776791397464), 'realized_pnl': np.float64(7418.776791397464), 'commission': np.float64(8.711244017707585)}, 'GS': {'success': True, 'action': 'SELL_SHORT', 'price': np.float64(298.22), 'value': 10000.0, 'note': 'Short position recorded'}}","{'cash': np.float64(30471.875820879195), 'total_market_value': np.float64(297014.6778244698), 'total_unrealized_pnl': np.float64(-2835.322175530203), 'total_portfolio_value': np.float64(327486.553645349), 'num_positions': 15, 'positions': {'CAT': {'shares': np.float64(406.29610123037446), 'market_value': np.float64(66275.02003269868), 'cost_basis': 59970.0, 'unrealized_pnl': np.float64(6305.0200326986815)}, 'HON': {'shares': np.float64(49.10100216152486), 'market_value': np.float64(7960.745480448026), 'cost_basis': 9995.0, 'unrealized_pnl': np.float64(-2034.2545195519742)}, 'IBM': {'shares': np.float64(114.66100722725709), 'market_value': np.float64(14094.131008374441), 'cost_basis': 9995.0, 'unrealized_pnl': np.float64(4099.131008374441)}, 'KO': {'shares': np.float64(490.2874579808851), 'market_value': np.float64(28309.197823816306), 'cost_basis': 19990.0, 'unrealized_pnl': np.float64(8319.197823816306)}, 'MCD': {'shares': np.float64(63.8943936585054), 'market_value': np.float64(14644.595026529438), 'cost_basis': 9995.0, 'unrealized_pnl': np.float64(4649.595026529438)}, 'CSCO': {'shares': np.float64(1198.3457335373157), 'market_value': np.float64(45453.25367307039), 'cost_basis': 49975.0, 'unrealized_pnl': np.float64(-4521.746326929613)}, 'HD': {'shares': np.float64(74.46882376533311), 'market_value': np.float64(18677.5256885832), 'cost_basis': 19990.0, 'unrealized_pnl': np.float64(-1312.4743114168014)}, 'MSFT': {'shares': np.float64(85.67878920936155), 'market_value': np.float64(21319.453118965437), 'cost_basis': 19990.0, 'unrealized_pnl': np.float64(1329.4531189654372)}, 'NKE': {'shares': np.float64(82.82234007292011), 'market_value': np.float64(8137.709023864765), 'cost_basis': 9995.0, 'unrealized_pnl': np.float64(-1857.2909761352348)}, 'PG': {'shares': np.float64(82.14127806733366), 'market_value': np.float64(10859.446596252812), 'cost_basis': 9995.0, 'unrealized_pnl': np.float64(864.446596252812)}, 'BA': {'shares': np.float64(180.2931100544083), 'market_value': np.float64(24649.6740066387), 'cost_basis': 39980.0, 'unrealized_pnl': np.float64(-15330.3259933613)}, 'DOW': {'shares': np.float64(188.58490566037736), 'market_value': np.float64(8280.763207547168), 'cost_basis': 9995.0, 'unrealized_pnl': np.float64(-1714.2367924528317)}, 'JNJ': {'shares': np.float64(69.35674137811394), 'market_value': np.float64(11402.248282561932), 'cost_basis': 9995.0, 'unrealized_pnl': np.float64(1407.2482825619318)}, 'AMGN': {'shares': np.float64(45.97516099356026), 'market_value': np.float64(10092.467341306348), 'cost_basis': 9995.0, 'unrealized_pnl': np.float64(97.46734130634832)}, 'DIS': {'shares': np.float64(73.6279926335175), 'market_value': np.float64(6858.447513812155), 'cost_basis': 9995.0, 'unrealized_pnl': np.float64(-3136.552486187845)}}}"
2022_Q3,2022-07-01,2022-09-30,"{'AAPL': 50.0, 'AMGN': 90, 'AMZN': 90, 'AXP': 50.0, 'BA': 90, 'CAT': 90, 'CSCO': 50.0, 'CVX': 10, 'CRM': 90, 'DIS': 90, 'DOW': 90, 'GS': 10, 'HD': 50.0, 'HON': 90, 'IBM': 10, 'INTC': 50.0, 'JNJ': 90, 'JPM': 50.0, 'KO': 10, 'MCD': 90, 'MMM': 10, 'MRK': 10, 'MSFT': 90, 'NKE': 10, 'PG': 90, 'TRV': 30, 'UNH': 90, 'V': 50.0, 'VZ': 90, 'WMT': 90}",10,"{'AMGN': {'success': True, 'action': 'BUY', 'shares': np.float64(45.069215854263426), 'price': np.float64(221.77), 'value': 9995.0, 'commission': 5.0}, 'BA': {'success': True, 'action': 'BUY', 'shares': np.float64(71.47454233409611), 'price': np.float64(139.84), 'value': 9995.0, 'commission': 5.0}, 'CAT': {'success': True, 'action': 'BUY', 'shares': np.float64(61.450968336919765), 'price': np.float64(162.65), 'value': 9995.0, 'commission': 5.0}, 'DIS': {'success': False, 'reason': 'Insufficient cash'}, 'DOW': {'success': False, 'reason': 'Insufficient cash'}, 'IBM': {'success': True, 'action': 'CLOSE', 'shares': np.float64(114.66100722725709), 'price': np.float64(122.85), 'proceeds': np.float64(14079.061685499599), 'realized_pnl': np.float64(4084.0616854995988), 'commission': np.float64(7.043052368934267)}, 'KO': {'success': True, 'action': 'CLOSE', 'shares': np.float64(490.2874579808851), 'price': np.float64(59.21), 'proceeds': np.float64(29015.405426854686), 'realized_pnl': np.float64(9025.405426854686), 'commission': np.float64(14.514960193524105)}, 'MMM': {'success': True, 'action': 'SELL_SHORT', 'price': np.float64(115.17), 'value': 10000.0, 'note': 'Short position recorded'}, 'MRK': {'success': True, 'action': 'SELL_SHORT', 'price': np.float64(84.11), 'value': 10000.0, 'note': 'Short position recorded'}, 'NKE': {'success': True, 'action': 'CLOSE', 'shares': np.float64(82.82234007292011), 'price': np.float64(97.235), 'proceeds': np.float64(8049.203621871892), 'realized_pnl': np.float64(-1945.7963781281078), 'commission': np.float64(4.026615118495194)}}","{'cash': np.float64(51630.54655510537), 'total_market_value': np.float64(255206.53766189623), 'total_unrealized_pnl': np.float64(-34648.462338103796), 'total_portfolio_value': np.float64(306837.0842170016), 'num_positions': 12, 'positions': {'CAT': {'shares': np.float64(467.7470695672942), 'market_value': np.float64(69993.67149004989), 'cost_basis': 69965.0, 'unrealized_pnl': np.float64(28.671490049891872)}, 'HON': {'shares': np.float64(49.10100216152486), 'market_value': np.float64(7673.0136077814905), 'cost_basis': 9995.0, 'unrealized_pnl': np.float64(-2321.9863922185095)}, 'MCD': {'shares': np.float64(63.8943936585054), 'market_value': np.float64(13701.513776129897), 'cost_basis': 9995.0, 'unrealized_pnl': np.float64(3706.5137761298975)}, 'CSCO': {'shares': np.float64(1198.3457335373157), 'market_value': np.float64(42744.99231527605), 'cost_basis': 49975.0, 'unrealized_pnl': np.float64(-7230.007684723947)}, 'HD': {'shares': np.float64(74.46882376533311), 'market_value': np.float64(18943.379389425438), 'cost_basis': 19990.0, 'unrealized_pnl': np.float64(-1046.6206105745623)}, 'MSFT': {'shares': np.float64(85.67878920936155), 'market_value': np.float64(19322.28054249522), 'cost_basis': 19990.0, 'unrealized_pnl': np.float64(-667.7194575047797)}, 'PG': {'shares': np.float64(82.14127806733366), 'market_value': np.float64(9493.708208210675), 'cost_basis': 9995.0, 'unrealized_pnl': np.float64(-501.29179178932463)}, 'BA': {'shares': np.float64(251.76765238850442), 'market_value': np.float64(30484.027351200115), 'cost_basis': 49975.0, 'unrealized_pnl': np.float64(-19490.972648799885)}, 'DOW': {'shares': np.float64(188.58490566037736), 'market_value': np.float64(6964.440566037736), 'cost_basis': 9995.0, 'unrealized_pnl': np.float64(-3030.559433962264)}, 'JNJ': {'shares': np.float64(69.35674137811394), 'market_value': np.float64(10499.223509818888), 'cost_basis': 9995.0, 'unrealized_pnl': np.float64(504.2235098188885)}, 'AMGN': {'shares': np.float64(91.04437684782368), 'market_value': np.float64(18532.993351142988), 'cost_basis': 19990.0, 'unrealized_pnl': np.float64(-1457.006648857012)}, 'DIS': {'shares': np.float64(73.6279926335175), 'market_value': np.float64(6853.293554327808), 'cost_basis': 9995.0, 'unrealized_pnl': np.float64(-3141.706445672192)}}}"
2022_Q4,2022-10-01,2022-12-31,"{'AAPL': 50.0, 'AMGN': 50.0, 'AMZN': 50.0, 'AXP': 50.0, 'BA': 50.0, 'CAT': 50.0, 'CSCO': 90, 'CVX': 50.0, 'CRM': 90, 'DIS': 90, 'DOW': 50.0, 'GS': 50.0, 'HD': 50.0, 'HON': 50.0, 'IBM': 50.0, 'INTC': 50.0, 'JNJ': 90, 'JPM': 50.0, 'KO': 50.0, 'MCD': 50.0, 'MMM': 50.0, 'MRK': 50.0, 'MSFT': 90, 'NKE': 10, 'PG': 90, 'TRV': 50.0, 'UNH': 50.0, 'V': 50.0, 'VZ': 50.0, 'WMT': 90}",10,"{'CSCO': {'success': True, 'action': 'BUY', 'shares': np.float64(280.2074572469862), 'price': np.float64(35.67), 'value': 9995.0, 'commission': 5.0}, 'DIS': {'success': True, 'action': 'BUY', 'shares': np.float64(107.38074774387624), 'price': np.float64(93.08), 'value': 9995.0, 'commission': 5.0}, 'JNJ': {'success': True, 'action': 'BUY', 'shares': np.float64(66.0258950984278), 'price': np.float64(151.38), 'value': 9995.0, 'commission': 5.0}, 'MSFT': {'success': True, 'action': 'BUY', 'shares': np.float64(44.3197942532813), 'price': np.float64(225.52), 'value': 9995.0, 'commission': 5.0}, 'PG': {'success': True, 'action': 'BUY', 'shares': np.float64(86.47854518774366), 'price': np.float64(115.5778), 'value': 9995.0, 'commission': 5.0}, 'TRV': {'success': True, 'action': 'SELL_SHORT', 'price': np.float64(143.14), 'value': 10000.0, 'note': 'Short position recorded'}, 'UNH': {'success': True, 'action': 'SELL_SHORT', 'price': np.float64(485.82), 'value': 10000.0, 'note': 'Short position recorded'}, 'V': {'success': True, 'action': 'SELL_SHORT', 'price': np.float64(172.59), 'value': 10000.0, 'note': 'Short position recorded'}, 'VZ': {'success': True, 'action': 'SELL_SHORT', 'price': np.float64(30.6675), 'value': 10000.0, 'note': 'Short position recorded'}, 'NKE': {'success': True, 'action': 'SELL_SHORT', 'price': np.float64(79.48), 'value': 10000.0, 'note': 'Short position recorded'}}","{'cash': np.float64(1655.5465551053712), 'total_market_value': np.float64(388993.4461766006), 'total_unrealized_pnl': np.float64(49163.44617660054), 'total_portfolio_value': np.float64(390648.99273170595), 'num_positions': 12, 'positions': {'CAT': {'shares': np.float64(467.7470695672942), 'market_value': np.float64(105860.51678447002), 'cost_basis': 69965.0, 'unrealized_pnl': np.float64(35895.51678447002)}, 'HON': {'shares': np.float64(49.10100216152486), 'market_value': np.float64(10047.538072312833), 'cost_basis': 9995.0, 'unrealized_pnl': np.float64(52.53807231283281)}, 'MCD': {'shares': np.float64(63.8943936585054), 'market_value': np.float64(15893.730422553219), 'cost_basis': 9995.0, 'unrealized_pnl': np.float64(5898.730422553219)}, 'CSCO': {'shares': np.float64(1478.553190784302), 'market_value': np.float64(64597.988905366146), 'cost_basis': 59970.0, 'unrealized_pnl': np.float64(4627.988905366146)}, 'HD': {'shares': np.float64(74.46882376533311), 'market_value': np.float64(22057.665599291668), 'cost_basis': 19990.0, 'unrealized_pnl': np.float64(2067.6655992916676)}, 'MSFT': {'shares': np.float64(129.99858346264284), 'market_value': np.float64(30305.2697768113), 'cost_basis': 29985.0, 'unrealized_pnl': np.float64(320.2697768112994)}, 'PG': {'shares': np.float64(168.61982325507734), 'market_value': np.float64(23910.476419375544), 'cost_basis': 19990.0, 'unrealized_pnl': np.float64(3920.4764193755436)}, 'BA': {'shares': np.float64(251.76765238850442), 'market_value': np.float64(47959.22010348621), 'cost_basis': 49975.0, 'unrealized_pnl': np.float64(-2015.7798965137918)}, 'DOW': {'shares': np.float64(188.58490566037736), 'market_value': np.float64(8314.708490566038), 'cost_basis': 9995.0, 'unrealized_pnl': np.float64(-1680.2915094339623)}, 'JNJ': {'shares': np.float64(135.38263647654173), 'market_value': np.float64(22446.44112781062), 'cost_basis': 19990.0, 'unrealized_pnl': np.float64(2456.44112781062)}, 'AMGN': {'shares': np.float64(91.04437684782368), 'market_value': np.float64(22100.112036040722), 'cost_basis': 19990.0, 'unrealized_pnl': np.float64(2110.112036040722)}, 'DIS': {'shares': np.float64(181.00874037739374), 'market_value': np.float64(15499.778438516225), 'cost_basis': 19990.0, 'unrealized_pnl': np.float64(-4490.221561483775)}}}"
2023_Q1,2023-01-01,2023-03-31,"{'AAPL': 10, 'AMGN': 90, 'AMZN': 90, 'AXP': 10, 'BA': 10, 'CAT': 90, 'CSCO': 90, 'CVX': 50.0, 'CRM': 50.0, 'DIS': 50.0, 'DOW': 90, 'GS': 10, 'HD': 50.0, 'HON': 90, 'IBM': 90, 'INTC': 50.0, 'JNJ': 50.0, 'JPM': 10, 'KO': 90, 'MCD': 90, 'MMM': 50.0, 'MRK': 90, 'MSFT': 90, 'NKE': 10, 'PG': 90, 'TRV': 30, 'UNH': 90, 'V': 50.0, 'VZ': 90, 'WMT': 50.0}",10,"{'AMGN': {'success': False, 'reason': 'Insufficient cash'}, 'CAT': {'success': False, 'reason': 'Insufficient cash'}, 'CSCO': {'success': False, 'reason': 'Insufficient cash'}, 'DOW': {'success': False, 'reason': 'Insufficient cash'}, 'HON': {'success': False, 'reason': 'Insufficient cash'}, 'AXP': {'success': True, 'action': 'SELL_SHORT', 'price': np.float64(141.21), 'value': 10000.0, 'note': 'Short position recorded'}, 'BA': {'success': True, 'action': 'CLOSE', 'shares': np.float64(251.76765238850442), 'price': np.float64(190.49), 'proceeds': np.float64(47935.24049343447), 'realized_pnl': np.float64(-2039.7595065655332), 'commission': np.float64(23.979610051743105)}, 'GS': {'success': True, 'action': 'SELL_SHORT', 'price': np.float64(318.38), 'value': 10000.0, 'note': 'Short position recorded'}, 'JPM': {'success': True, 'action': 'SELL_SHORT', 'price': np.float64(122.8), 'value': 10000.0, 'note': 'Short position recorded'}, 'NKE': {'success': True, 'action': 'SELL_SHORT', 'price': np.float64(113.71), 'value': 10000.0, 'note': 'Short position recorded'}}","{'cash': np.float64(49590.78704853984), 'total_market_value': np.float64(347584.8829106402), 'total_unrealized_pnl': np.float64(57729.88291064014), 'total_portfolio_value': np.float64(397175.66995918006), 'num_positions': 11, 'positions': {'CAT': {'shares': np.float64(467.7470695672942), 'market_value': np.float64(101407.56468218939), 'cost_basis': 69965.0, 'unrealized_pnl': np.float64(31442.56468218939)}, 'HON': {'shares': np.float64(49.10100216152486), 'market_value': np.float64(8959.950874435057), 'cost_basis': 9995.0, 'unrealized_pnl': np.float64(-1035.049125564943)}, 'MCD': {'shares': np.float64(63.8943936585054), 'market_value': np.float64(17018.271750942913), 'cost_basis': 9995.0, 'unrealized_pnl': np.float64(7023.271750942913)}, 'CSCO': {'shares': np.float64(1478.553190784302), 'market_value': np.float64(72012.93315714943), 'cost_basis': 59970.0, 'unrealized_pnl': np.float64(12042.933157149426)}, 'HD': {'shares': np.float64(74.46882376533311), 'market_value': np.float64(20668.822036068206), 'cost_basis': 19990.0, 'unrealized_pnl': np.float64(678.8220360682062)}, 'MSFT': {'shares': np.float64(129.99858346264284), 'market_value': np.float64(36696.00013983482), 'cost_basis': 29985.0, 'unrealized_pnl': np.float64(6711.000139834818)}, 'PG': {'shares': np.float64(168.61982325507734), 'market_value': np.float64(23580.53801121234), 'cost_basis': 19990.0, 'unrealized_pnl': np.float64(3590.5380112123385)}, 'DOW': {'shares': np.float64(188.58490566037736), 'market_value': np.float64(9282.149056603774), 'cost_basis': 9995.0, 'unrealized_pnl': np.float64(-712.8509433962263)}, 'JNJ': {'shares': np.float64(135.38263647654173), 'market_value': np.float64(19668.389427311984), 'cost_basis': 19990.0, 'unrealized_pnl': np.float64(-321.61057268801596)}, 'AMGN': {'shares': np.float64(91.04437684782368), 'market_value': np.float64(20392.119526375547), 'cost_basis': 19990.0, 'unrealized_pnl': np.float64(402.11952637554714)}, 'DIS': {'shares': np.float64(181.00874037739374), 'market_value': np.float64(17898.14424851669), 'cost_basis': 19990.0, 'unrealized_pnl': np.float64(-2091.8557514833083)}}}"
2023_Q2,2023-04-01,2023-06-30,"{'AAPL': 10, 'AMGN': 90, 'AMZN': 90, 'AXP': 10, 'BA': 10, 'CAT': 90, 'CSCO': 90, 'CVX': 50.0, 'CRM': 90, 'DIS': 50.0, 'DOW': 90, 'GS': 10, 'HD': 90, 'HON': 90, 'IBM': 90, 'INTC': 50.0, 'JNJ': 90, 'JPM': 10, 'KO': 90, 'MCD': 90, 'MMM': 50.0, 'MRK': 90, 'MSFT': 50.0, 'NKE': 50.0, 'PG': 50.0, 'TRV': 30, 'UNH': 90, 'V': 50.0, 'VZ': 90, 'WMT': 90}",10,"{'AMGN': {'success': True, 'action': 'BUY', 'shares': np.float64(44.62452004643272), 'price': np.float64(223.98), 'value': 9995.0, 'commission': 5.0}, 'CAT': {'success': True, 'action': 'BUY', 'shares': np.float64(46.10239852398524), 'price': np.float64(216.8), 'value': 9995.0, 'commission': 5.0}, 'CSCO': {'success': True, 'action': 'BUY', 'shares': np.float64(205.21507032132226), 'price': np.float64(48.705), 'value': 9995.0, 'commission': 5.0}, 'DOW': {'success': True, 'action': 'BUY', 'shares': np.float64(203.06785859406745), 'price': np.float64(49.22), 'value': 9995.0, 'commission': 5.0}, 'HD': {'success': False, 'reason': 'Insufficient cash'}, 'AAPL': {'success': True, 'action': 'SELL_SHORT', 'price': np.float64(162.94), 'value': 10000.0, 'note': 'Short position recorded'}, 'AXP': {'success': True, 'action': 'SELL_SHORT', 'price': np.float64(158.93), 'value': 10000.0, 'note': 'Short position recorded'}, 'BA': {'success': True, 'action': 'SELL_SHORT', 'price': np.float64(212.43), 'value': 10000.0, 'note': 'Short position recorded'}, 'GS': {'success': True, 'action': 'SELL_SHORT', 'price': np.float64(304.61), 'value': 10000.0, 'note': 'Short position recorded'}, 'JPM': {'success': True, 'action': 'SELL_SHORT', 'price': np.float64(120.01), 'value': 10000.0, 'note': 'Short position recorded'}}","{'cash': np.float64(9610.787048539838), 'total_market_value': np.float64(404694.51177657576), 'total_unrealized_pnl': np.float64(74859.51177657572), 'total_portfolio_value': np.float64(414305.2988251156), 'num_positions': 11, 'positions': {'CAT': {'shares': np.float64(513.8494680912794), 'market_value': np.float64(120862.53338974983), 'cost_basis': 79960.0, 'unrealized_pnl': np.float64(40902.533389749835)}, 'HON': {'shares': np.float64(49.10100216152486), 'market_value': np.float64(9814.799322067203), 'cost_basis': 9995.0, 'unrealized_pnl': np.float64(-180.20067793279668)}, 'MCD': {'shares': np.float64(63.8943936585054), 'market_value': np.float64(18316.605830083743), 'cost_basis': 9995.0, 'unrealized_pnl': np.float64(8321.605830083743)}, 'CSCO': {'shares': np.float64(1683.768261105624), 'market_value': np.float64(81763.78675928911), 'cost_basis': 69965.0, 'unrealized_pnl': np.float64(11798.786759289113)}, 'HD': {'shares': np.float64(74.46882376533311), 'market_value': np.float64(21980.218022575722), 'cost_basis': 19990.0, 'unrealized_pnl': np.float64(1990.218022575722)}, 'MSFT': {'shares': np.float64(129.99858346264284), 'market_value': np.float64(43575.52517667788), 'cost_basis': 29985.0, 'unrealized_pnl': np.float64(13590.525176677882)}, 'PG': {'shares': np.float64(168.61982325507734), 'market_value': np.float64(24253.449139876375), 'cost_basis': 19990.0, 'unrealized_pnl': np.float64(4263.449139876375)}, 'DOW': {'shares': np.float64(391.65276425444483), 'market_value': np.float64(18940.32767934495), 'cost_basis': 19990.0, 'unrealized_pnl': np.float64(-1049.6723206550487)}, 'JNJ': {'shares': np.float64(135.38263647654173), 'market_value': np.float64(21253.720100452287), 'cost_basis': 19990.0, 'unrealized_pnl': np.float64(1263.7201004522867)}, 'AMGN': {'shares': np.float64(135.66889689425642), 'market_value': np.float64(27999.346941036638), 'cost_basis': 29985.0, 'unrealized_pnl': np.float64(-1985.6530589633621)}, 'DIS': {'shares': np.float64(181.00874037739374), 'market_value': np.float64(15934.19941542197), 'cost_basis': 19990.0, 'unrealized_pnl': np.float64(-4055.80058457803)}}}"
2023_Q3,2023-07-01,2023-09-30,"{'AAPL': 50.0, 'AMGN': 90, 'AMZN': 90, 'AXP': 10, 'BA': 10, 'CAT': 90, 'CSCO': 50.0, 'CVX': 50.0, 'CRM': 90, 'DIS': 50.0, 'DOW': 50.0, 'GS': 10, 'HD': 90, 'HON': 90, 'IBM': 90, 'INTC': 50.0, 'JNJ': 90, 'JPM': 50.0, 'KO': 90, 'MCD': 90, 'MMM': 90, 'MRK': 90, 'MSFT': 90, 'NKE': 10, 'PG': 90, 'TRV': 25, 'UNH': 90, 'V': 50.0, 'VZ': 90, 'WMT': 90}",10,"{'AMGN': {'success': False, 'reason': 'Insufficient cash'}, 'CAT': {'success': False, 'reason': 'Insufficient cash'}, 'HD': {'success': False, 'reason': 'Insufficient cash'}, 'HON': {'success': False, 'reason': 'Insufficient cash'}, 'IBM': {'success': False, 'reason': 'Insufficient cash'}, 'TRV': {'success': True, 'action': 'SELL_SHORT', 'price': np.float64(166.46), 'value': 10000.0, 'note': 'Short position recorded'}, 'AXP': {'success': True, 'action': 'SELL_SHORT', 'price': np.float64(168.78), 'value': 10000.0, 'note': 'Short position recorded'}, 'BA': {'success': True, 'action': 'SELL_SHORT', 'price': np.float64(211.16), 'value': 10000.0, 'note': 'Short position recorded'}, 'GS': {'success': True, 'action': 'SELL_SHORT', 'price': np.float64(302.54), 'value': 10000.0, 'note': 'Short position recorded'}, 'NKE': {'success': True, 'action': 'SELL_SHORT', 'price': np.float64(107.75), 'value': 10000.0, 'note': 'Short position recorded'}}","{'cash': np.float64(9610.787048539838), 'total_market_value': np.float64(419208.6242631165), 'total_unrealized_pnl': np.float64(89373.62426311651), 'total_portfolio_value': np.float64(428819.41131165635), 'num_positions': 11, 'positions': {'CAT': {'shares': np.float64(513.8494680912794), 'market_value': np.float64(135378.78086332846), 'cost_basis': 79960.0, 'unrealized_pnl': np.float64(55418.78086332846)}, 'HON': {'shares': np.float64(49.10100216152486), 'market_value': np.float64(8747.834545097268), 'cost_basis': 9995.0, 'unrealized_pnl': np.float64(-1247.1654549027317)}, 'MCD': {'shares': np.float64(63.8943936585054), 'market_value': np.float64(16179.338362206738), 'cost_basis': 9995.0, 'unrealized_pnl': np.float64(6184.338362206738)}, 'CSCO': {'shares': np.float64(1683.768261105624), 'market_value': np.float64(85821.66826855367), 'cost_basis': 69965.0, 'unrealized_pnl': np.float64(15856.668268553665)}, 'HD': {'shares': np.float64(74.46882376533311), 'market_value': np.float64(21504.362238715243), 'cost_basis': 19990.0, 'unrealized_pnl': np.float64(1514.3622387152427)}, 'MSFT': {'shares': np.float64(129.99858346264284), 'market_value': np.float64(40441.25932939356), 'cost_basis': 29985.0, 'unrealized_pnl': np.float64(10456.259329393557)}, 'PG': {'shares': np.float64(168.61982325507734), 'market_value': np.float64(23420.58524687257), 'cost_basis': 19990.0, 'unrealized_pnl': np.float64(3430.5852468725716)}, 'DOW': {'shares': np.float64(391.65276425444483), 'market_value': np.float64(18548.674915090505), 'cost_basis': 19990.0, 'unrealized_pnl': np.float64(-1441.3250849094948)}, 'JNJ': {'shares': np.float64(135.38263647654173), 'market_value': np.float64(20092.137079483557), 'cost_basis': 19990.0, 'unrealized_pnl': np.float64(102.13707948355659)}, 'AMGN': {'shares': np.float64(135.66889689425642), 'market_value': np.float64(34629.485932258955), 'cost_basis': 29985.0, 'unrealized_pnl': np.float64(4644.485932258955)}, 'DIS': {'shares': np.float64(181.00874037739374), 'market_value': np.float64(14444.49748211602), 'cost_basis': 19990.0, 'unrealized_pnl': np.float64(-5545.5025178839805)}}}"
2023_Q4,2023-10-01,2023-12-31,"{'AAPL': 10, 'AMGN': 50.0, 'AMZN': 50.0, 'AXP': 50.0, 'BA': 50.0, 'CAT': 50.0, 'CSCO': 90, 'CVX': 50.0, 'CRM': 90, 'DIS': 90, 'DOW': 50.0, 'GS': 50.0, 'HD': 50.0, 'HON': 50.0, 'IBM': 50.0, 'INTC': 50.0, 'JNJ': 90, 'JPM': 50.0, 'KO': 50.0, 'MCD': 50.0, 'MMM': 50.0, 'MRK': 50.0, 'MSFT': 90, 'NKE': 90, 'PG': 90, 'TRV': 50.0, 'UNH': 50.0, 'V': 90, 'VZ': 50.0, 'WMT': 90}",10,"{'CSCO': {'success': False, 'reason': 'Insufficient cash'}, 'DIS': {'success': False, 'reason': 'Insufficient cash'}, 'JNJ': {'success': False, 'reason': 'Insufficient cash'}, 'MSFT': {'success': False, 'reason': 'Insufficient cash'}, 'NKE': {'success': False, 'reason': 'Insufficient cash'}, 'MRK': {'success': True, 'action': 'SELL_SHORT', 'price': np.float64(98.25), 'value': 10000.0, 'note': 'Short position recorded'}, 'TRV': {'success': True, 'action': 'SELL_SHORT', 'price': np.float64(157.11), 'value': 10000.0, 'note': 'Short position recorded'}, 'UNH': {'success': True, 'action': 'SELL_SHORT', 'price': np.float64(492.03), 'value': 10000.0, 'note': 'Short position recorded'}, 'VZ': {'success': True, 'action': 'SELL_SHORT', 'price': np.float64(27.7175), 'value': 10000.0, 'note': 'Short position recorded'}, 'AAPL': {'success': True, 'action': 'SELL_SHORT', 'price': np.float64(169.73), 'value': 10000.0, 'note': 'Short position recorded'}}","{'cash': np.float64(9610.787048539838), 'total_market_value': np.float64(448378.0286588597), 'total_unrealized_pnl': np.float64(118543.02865885965), 'total_portfolio_value': np.float64(457988.81570739957), 'num_positions': 11, 'positions': {'CAT': {'shares': np.float64(513.8494680912794), 'market_value': np.float64(147695.75261347645), 'cost_basis': 79960.0, 'unrealized_pnl': np.float64(67735.75261347645)}, 'HON': {'shares': np.float64(49.10100216152486), 'market_value': np.float64(10026.915651404992), 'cost_basis': 9995.0, 'unrealized_pnl': np.float64(31.915651404991877)}, 'MCD': {'shares': np.float64(63.8943936585054), 'market_value': np.float64(18399.029597903213), 'cost_basis': 9995.0, 'unrealized_pnl': np.float64(8404.029597903213)}, 'CSCO': {'shares': np.float64(1683.768261105624), 'market_value': np.float64(81022.92872440263), 'cost_basis': 69965.0, 'unrealized_pnl': np.float64(11057.928724402635)}, 'HD': {'shares': np.float64(74.46882376533311), 'market_value': np.float64(24965.673167327925), 'cost_basis': 19990.0, 'unrealized_pnl': np.float64(4975.673167327925)}, 'MSFT': {'shares': np.float64(129.99858346264284), 'market_value': np.float64(48376.37286395328), 'cost_basis': 29985.0, 'unrealized_pnl': np.float64(18391.37286395328)}, 'PG': {'shares': np.float64(168.61982325507734), 'market_value': np.float64(23693.867394422075), 'cost_basis': 19990.0, 'unrealized_pnl': np.float64(3703.8673944220754)}, 'DOW': {'shares': np.float64(391.65276425444483), 'market_value': np.float64(20107.4529168232), 'cost_basis': 19990.0, 'unrealized_pnl': np.float64(117.45291682320021)}, 'JNJ': {'shares': np.float64(135.38263647654173), 'market_value': np.float64(20387.27122700242), 'cost_basis': 19990.0, 'unrealized_pnl': np.float64(397.27122700242035)}, 'AMGN': {'shares': np.float64(135.66889689425642), 'market_value': np.float64(37531.44363682709), 'cost_basis': 29985.0, 'unrealized_pnl': np.float64(7546.443636827091)}, 'DIS': {'shares': np.float64(181.00874037739374), 'market_value': np.float64(16171.320865316357), 'cost_basis': 19990.0, 'unrealized_pnl': np.float64(-3818.6791346836435)}}}"
2024_Q1,2024-01-01,2024-03-31,"{'AAPL': 10, 'AMGN': 90, 'AMZN': 90, 'AXP': 10, 'BA': 10, 'CAT': 90, 'CSCO': 90, 'CVX': 90, 'CRM': 50.0, 'DIS': 90, 'DOW': 90, 'GS': 10, 'HD': 50.0, 'HON': 90, 'IBM': 90, 'INTC': 50.0, 'JNJ': 90, 'JPM': 10, 'KO': 90, 'MCD': 90, 'MMM': 90, 'MRK': 90, 'MSFT': 90, 'NKE': 90, 'PG': 90, 'TRV': 30, 'UNH': 90, 'V': 50.0, 'VZ': 90, 'WMT': 50.0}",10,"{'AMGN': {'success': False, 'reason': 'Insufficient cash'}, 'CAT': {'success': False, 'reason': 'Insufficient cash'}, 'CSCO': {'success': False, 'reason': 'Insufficient cash'}, 'CVX': {'success': False, 'reason': 'Insufficient cash'}, 'DIS': {'success': False, 'reason': 'Insufficient cash'}, 'AAPL': {'success': True, 'action': 'SELL_SHORT', 'price': np.float64(191.29), 'value': 10000.0, 'note': 'Short position recorded'}, 'AXP': {'success': True, 'action': 'SELL_SHORT', 'price': np.float64(183.12), 'value': 10000.0, 'note': 'Short position recorded'}, 'BA': {'success': True, 'action': 'SELL_SHORT', 'price': np.float64(260.66), 'value': 10000.0, 'note': 'Short position recorded'}, 'GS': {'success': True, 'action': 'SELL_SHORT', 'price': np.float64(371.27), 'value': 10000.0, 'note': 'Short position recorded'}, 'JPM': {'success': True, 'action': 'SELL_SHORT', 'price': np.float64(162.85), 'value': 10000.0, 'note': 'Short position recorded'}}","{'cash': np.float64(9610.787048539838), 'total_market_value': np.float64(503136.1352424974), 'total_unrealized_pnl': np.float64(173301.13524249743), 'total_portfolio_value': np.float64(512746.9222910372), 'num_positions': 11, 'positions': {'CAT': {'shares': np.float64(513.8494680912794), 'market_value': np.float64(184723.74528413403), 'cost_basis': 79960.0, 'unrealized_pnl': np.float64(104763.74528413403)}, 'HON': {'shares': np.float64(49.10100216152486), 'market_value': np.float64(9860.954264099038), 'cost_basis': 9995.0, 'unrealized_pnl': np.float64(-134.04573590096152)}, 'MCD': {'shares': np.float64(63.8943936585054), 'market_value': np.float64(17575.43086364508), 'cost_basis': 9995.0, 'unrealized_pnl': np.float64(7580.4308636450805)}, 'CSCO': {'shares': np.float64(1683.768261105624), 'market_value': np.float64(80652.4997069594), 'cost_basis': 69965.0, 'unrealized_pnl': np.float64(10687.499706959396)}, 'HD': {'shares': np.float64(74.46882376533311), 'market_value': np.float64(27892.297941305518), 'cost_basis': 19990.0, 'unrealized_pnl': np.float64(7902.297941305518)}, 'MSFT': {'shares': np.float64(129.99858346264284), 'market_value': np.float64(54282.20851066115), 'cost_basis': 29985.0, 'unrealized_pnl': np.float64(24297.20851066115)}, 'PG': {'shares': np.float64(168.61982325507734), 'market_value': np.float64(26501.505485495392), 'cost_basis': 19990.0, 'unrealized_pnl': np.float64(6511.505485495392)}, 'DOW': {'shares': np.float64(391.65276425444483), 'market_value': np.float64(21591.816893347546), 'cost_basis': 19990.0, 'unrealized_pnl': np.float64(1601.8168933475463)}, 'JNJ': {'shares': np.float64(135.38263647654173), 'market_value': np.float64(20744.681387300487), 'cost_basis': 19990.0, 'unrealized_pnl': np.float64(754.6813873004867)}, 'AMGN': {'shares': np.float64(135.66889689425642), 'market_value': np.float64(37334.72373633042), 'cost_basis': 29985.0, 'unrealized_pnl': np.float64(7349.723736330423)}, 'DIS': {'shares': np.float64(181.00874037739374), 'market_value': np.float64(21976.271169219373), 'cost_basis': 19990.0, 'unrealized_pnl': np.float64(1986.2711692193734)}}}"
2024_Q2,2024-04-01,2024-06-30,"{'AAPL': 10, 'AMGN': 90, 'AMZN': 90, 'AXP': 10, 'BA': 10, 'CAT': 90, 'CSCO': 90, 'CVX': 90, 'CRM': 90, 'DIS': 90, 'DOW': 90, 'GS': 10, 'HD': 90, 'HON': 90, 'IBM': 90, 'INTC': 50.0, 'JNJ': 90, 'JPM': 10, 'KO': 90, 'MCD': 90, 'MMM': 90, 'MRK': 90, 'MSFT': 50.0, 'NKE': 50.0, 'PG': 50.0, 'TRV': 30, 'UNH': 90, 'V': 50.0, 'VZ': 90, 'WMT': 90}",10,"{'AMGN': {'success': False, 'reason': 'Insufficient cash'}, 'CAT': {'success': False, 'reason': 'Insufficient cash'}, 'CSCO': {'success': False, 'reason': 'Insufficient cash'}, 'CVX': {'success': False, 'reason': 'Insufficient cash'}, 'DIS': {'success': False, 'reason': 'Insufficient cash'}, 'AAPL': {'success': True, 'action': 'SELL_SHORT', 'price': np.float64(169.03), 'value': 10000.0, 'note': 'Short position recorded'}, 'AXP': {'success': True, 'action': 'SELL_SHORT', 'price': np.float64(223.99), 'value': 10000.0, 'note': 'Short position recorded'}, 'BA': {'success': True, 'action': 'SELL_SHORT', 'price': np.float64(189.5), 'value': 10000.0, 'note': 'Short position recorded'}, 'GS': {'success': True, 'action': 'SELL_SHORT', 'price': np.float64(401.76), 'value': 10000.0, 'note': 'Short position recorded'}, 'JPM': {'success': True, 'action': 'SELL_SHORT', 'price': np.float64(192.74), 'value': 10000.0, 'note': 'Short position recorded'}}","{'cash': np.float64(9610.787048539838), 'total_market_value': np.float64(480356.2200299671), 'total_unrealized_pnl': np.float64(150521.2200299671), 'total_portfolio_value': np.float64(489967.0070785069), 'num_positions': 11, 'positions': {'CAT': {'shares': np.float64(513.8494680912794), 'market_value': np.float64(168265.14682117035), 'cost_basis': 79960.0, 'unrealized_pnl': np.float64(88305.14682117035)}, 'HON': {'shares': np.float64(49.10100216152486), 'market_value': np.float64(10321.030654352526), 'cost_basis': 9995.0, 'unrealized_pnl': np.float64(326.03065435252574)}, 'MCD': {'shares': np.float64(63.8943936585054), 'market_value': np.float64(15949.957488972703), 'cost_basis': 9995.0, 'unrealized_pnl': np.float64(5954.957488972703)}, 'CSCO': {'shares': np.float64(1683.768261105624), 'market_value': np.float64(77284.96318474815), 'cost_basis': 69965.0, 'unrealized_pnl': np.float64(7319.9631847481505)}, 'HD': {'shares': np.float64(74.46882376533311), 'market_value': np.float64(25128.759891374004), 'cost_basis': 19990.0, 'unrealized_pnl': np.float64(5138.759891374004)}, 'MSFT': {'shares': np.float64(129.99858346264284), 'market_value': np.float64(57789.57029248325), 'cost_basis': 29985.0, 'unrealized_pnl': np.float64(27804.57029248325)}, 'PG': {'shares': np.float64(168.61982325507734), 'market_value': np.float64(27121.436265692686), 'cost_basis': 19990.0, 'unrealized_pnl': np.float64(7131.436265692686)}, 'DOW': {'shares': np.float64(391.65276425444483), 'market_value': np.float64(19954.708338763965), 'cost_basis': 19990.0, 'unrealized_pnl': np.float64(-35.291661236035)}, 'JNJ': {'shares': np.float64(135.38263647654173), 'market_value': np.float64(19283.902739718604), 'cost_basis': 19990.0, 'unrealized_pnl': np.float64(-706.0972602813963)}, 'AMGN': {'shares': np.float64(135.66889689425642), 'market_value': np.float64(41456.34482397793), 'cost_basis': 29985.0, 'unrealized_pnl': np.float64(11471.344823977932)}, 'DIS': {'shares': np.float64(181.00874037739374), 'market_value': np.float64(17800.3995287129), 'cost_basis': 19990.0, 'unrealized_pnl': np.float64(-2189.6004712871)}}}"
2024_Q3,2024-07-01,2024-09-30,"{'AAPL': 50.0, 'AMGN': 90, 'AMZN': 90, 'AXP': 10, 'BA': 10, 'CAT': 90, 'CSCO': 50.0, 'CVX': 90, 'CRM': 90, 'DIS': 50.0, 'DOW': 90, 'GS': 10, 'HD': 90, 'HON': 90, 'IBM': 90, 'INTC': 50.0, 'JNJ': 90, 'JPM': 10, 'KO': 90, 'MCD': 90, 'MMM': 90, 'MRK': 90, 'MSFT': 50.0, 'NKE': 10, 'PG': 90, 'TRV': 30, 'UNH': 90, 'V': 50.0, 'VZ': 90, 'WMT': 90}",10,"{'AMGN': {'success': False, 'reason': 'Insufficient cash'}, 'CAT': {'success': False, 'reason': 'Insufficient cash'}, 'CVX': {'success': False, 'reason': 'Insufficient cash'}, 'DOW': {'success': False, 'reason': 'Insufficient cash'}, 'HD': {'success': False, 'reason': 'Insufficient cash'}, 'AXP': {'success': True, 'action': 'SELL_SHORT', 'price': np.float64(230.89), 'value': 10000.0, 'note': 'Short position recorded'}, 'BA': {'success': True, 'action': 'SELL_SHORT', 'price': np.float64(186.7), 'value': 10000.0, 'note': 'Short position recorded'}, 'GS': {'success': True, 'action': 'SELL_SHORT', 'price': np.float64(454.66), 'value': 10000.0, 'note': 'Short position recorded'}, 'JPM': {'success': True, 'action': 'SELL_SHORT', 'price': np.float64(200.4), 'value': 10000.0, 'note': 'Short position recorded'}, 'NKE': {'success': True, 'action': 'SELL_SHORT', 'price': np.float64(75.66), 'value': 10000.0, 'note': 'Short position recorded'}}","{'cash': np.float64(9610.787048539838), 'total_market_value': np.float64(532749.347245203), 'total_unrealized_pnl': np.float64(202914.34724520298), 'total_portfolio_value': np.float64(542360.1342937428), 'num_positions': 11, 'positions': {'CAT': {'shares': np.float64(513.8494680912794), 'market_value': np.float64(198803.22070983506), 'cost_basis': 79960.0, 'unrealized_pnl': np.float64(118843.22070983506)}, 'HON': {'shares': np.float64(49.10100216152486), 'market_value': np.float64(10038.699891923758), 'cost_basis': 9995.0, 'unrealized_pnl': np.float64(43.699891923757605)}, 'MCD': {'shares': np.float64(63.8943936585054), 'market_value': np.float64(19230.295659400374), 'cost_basis': 9995.0, 'unrealized_pnl': np.float64(9235.295659400374)}, 'CSCO': {'shares': np.float64(1683.768261105624), 'market_value': np.float64(87572.7872601035), 'cost_basis': 69965.0, 'unrealized_pnl': np.float64(17607.787260103505)}, 'HD': {'shares': np.float64(74.46882376533311), 'market_value': np.float64(29835.93424158071), 'cost_basis': 19990.0, 'unrealized_pnl': np.float64(9845.934241580711)}, 'MSFT': {'shares': np.float64(129.99858346264284), 'market_value': np.float64(55722.592815427226), 'cost_basis': 29985.0, 'unrealized_pnl': np.float64(25737.592815427226)}, 'PG': {'shares': np.float64(168.61982325507734), 'market_value': np.float64(28687.32425435096), 'cost_basis': 19990.0, 'unrealized_pnl': np.float64(8697.324254350959)}, 'DOW': {'shares': np.float64(391.65276425444483), 'market_value': np.float64(20847.676641264097), 'cost_basis': 19990.0, 'unrealized_pnl': np.float64(857.6766412640973)}, 'JNJ': {'shares': np.float64(135.38263647654173), 'market_value': np.float64(21604.361128926532), 'cost_basis': 19990.0, 'unrealized_pnl': np.float64(1614.3611289265318)}, 'AMGN': {'shares': np.float64(135.66889689425642), 'market_value': np.float64(43085.72827567795), 'cost_basis': 29985.0, 'unrealized_pnl': np.float64(13100.728275677953)}, 'DIS': {'shares': np.float64(181.00874037739374), 'market_value': np.float64(17320.726366712806), 'cost_basis': 19990.0, 'unrealized_pnl': np.float64(-2669.2736332871937)}}}"
2024_Q4,2024-10-01,2024-12-31,"{'AAPL': 10, 'AMGN': 50.0, 'AMZN': 50.0, 'AXP': 50.0, 'BA': 50.0, 'CAT': 50.0, 'CSCO': 90, 'CVX': 50.0, 'CRM': 90, 'DIS': 90, 'DOW': 50.0, 'GS': 50.0, 'HD': 50.0, 'HON': 50.0, 'IBM': 50.0, 'INTC': 50.0, 'JNJ': 50.0, 'JPM': 50.0, 'KO': 50.0, 'MCD': 50.0, 'MMM': 50.0, 'MRK': 50.0, 'MSFT': 50.0, 'NKE': 10, 'PG': 90, 'TRV': 50.0, 'UNH': 50.0, 'V': 50.0, 'VZ': 50.0, 'WMT': 90}",10,"{'CSCO': {'success': False, 'reason': 'Insufficient cash'}, 'DIS': {'success': False, 'reason': 'Insufficient cash'}, 'PG': {'success': False, 'reason': 'Insufficient cash'}, 'WMT': {'success': False, 'reason': 'Insufficient cash'}, 'AMGN': {'success': False, 'reason': 'Insufficient cash'}, 'UNH': {'success': True, 'action': 'SELL_SHORT', 'price': np.float64(579.1), 'value': 10000.0, 'note': 'Short position recorded'}, 'V': {'success': True, 'action': 'SELL_SHORT', 'price': np.float64(276.42), 'value': 10000.0, 'note': 'Short position recorded'}, 'VZ': {'success': True, 'action': 'SELL_SHORT', 'price': np.float64(43.1775), 'value': 10000.0, 'note': 'Short position recorded'}, 'AAPL': {'success': True, 'action': 'SELL_SHORT', 'price': np.float64(225.71), 'value': 10000.0, 'note': 'Short position recorded'}, 'NKE': {'success': True, 'action': 'SELL_SHORT', 'price': np.float64(88.33), 'value': 10000.0, 'note': 'Short position recorded'}}","{'cash': np.float64(9610.787048539838), 'total_market_value': np.float64(514166.65737737634), 'total_unrealized_pnl': np.float64(184331.6573773763), 'total_portfolio_value': np.float64(523777.4444259162), 'num_positions': 11, 'positions': {'CAT': {'shares': np.float64(513.8494680912794), 'market_value': np.float64(184954.97754477512), 'cost_basis': 79960.0, 'unrealized_pnl': np.float64(104994.97754477512)}, 'HON': {'shares': np.float64(49.10100216152486), 'market_value': np.float64(11035.941245824328), 'cost_basis': 9995.0, 'unrealized_pnl': np.float64(1040.9412458243278)}, 'MCD': {'shares': np.float64(63.8943936585054), 'market_value': np.float64(18409.252700888577), 'cost_basis': 9995.0, 'unrealized_pnl': np.float64(8414.252700888577)}, 'CSCO': {'shares': np.float64(1683.768261105624), 'market_value': np.float64(98315.22876595739), 'cost_basis': 69965.0, 'unrealized_pnl': np.float64(28350.228765957392)}, 'HD': {'shares': np.float64(74.46882376533311), 'market_value': np.float64(28796.349461816662), 'cost_basis': 19990.0, 'unrealized_pnl': np.float64(8806.349461816662)}, 'MSFT': {'shares': np.float64(129.99858346264284), 'market_value': np.float64(54686.504105229964), 'cost_basis': 29985.0, 'unrealized_pnl': np.float64(24701.504105229964)}, 'PG': {'shares': np.float64(168.61982325507734), 'market_value': np.float64(27921.200087391517), 'cost_basis': 19990.0, 'unrealized_pnl': np.float64(7931.200087391517)}, 'DOW': {'shares': np.float64(391.65276425444483), 'market_value': np.float64(15442.86849455276), 'cost_basis': 19990.0, 'unrealized_pnl': np.float64(-4547.13150544724)}, 'JNJ': {'shares': np.float64(135.38263647654173), 'market_value': np.float64(19411.162418006552), 'cost_basis': 19990.0, 'unrealized_pnl': np.float64(-578.8375819934481)}, 'AMGN': {'shares': np.float64(135.66889689425642), 'market_value': np.float64(35037.849311910664), 'cost_basis': 29985.0, 'unrealized_pnl': np.float64(5052.849311910664)}, 'DIS': {'shares': np.float64(181.00874037739374), 'market_value': np.float64(20155.32324102279), 'cost_basis': 19990.0, 'unrealized_pnl': np.float64(165.32324102279017)}}}"
