date,open,high,low,close,adjusted_close,volume,dividend_amount,split_coefficient,thscode
2025-05-02,1.41,1.42,1.35,1.39,1.39,2508171,0.0,1.0,SNDL
2025-05-01,1.45,1.45,1.35,1.41,1.41,4074043,0.0,1.0,SNDL
2025-04-30,1.47,1.53,1.44,1.49,1.49,2152661,0.0,1.0,SNDL
2025-04-29,1.47,1.5,1.44,1.48,1.48,911368,0.0,1.0,SNDL
2025-04-28,1.5,1.53,1.43,1.47,1.47,1094076,0.0,1.0,SNDL
2025-04-25,1.49,1.55,1.48,1.49,1.49,1853066,0.0,1.0,SNDL
2025-04-24,1.42,1.5,1.42,1.48,1.48,1738187,0.0,1.0,SNDL
2025-04-23,1.41,1.44,1.39,1.42,1.42,1028051,0.0,1.0,SNDL
2025-04-22,1.36,1.42,1.36,1.39,1.39,1024206,0.0,1.0,SNDL
2025-04-21,1.39,1.4,1.34,1.36,1.36,1281181,0.0,1.0,SNDL
2025-04-17,1.36,1.4,1.34,1.4,1.4,1050204,0.0,1.0,SNDL
2025-04-16,1.32,1.39,1.31,1.35,1.35,1165861,0.0,1.0,SNDL
2025-04-15,1.32,1.35,1.31,1.33,1.33,948576,0.0,1.0,SNDL
2025-04-14,1.36,1.38,1.3,1.33,1.33,1519826,0.0,1.0,SNDL
2025-04-11,1.36,1.41,1.33,1.36,1.36,939645,0.0,1.0,SNDL
2025-04-10,1.39,1.4,1.33,1.37,1.37,905505,0.0,1.0,SNDL
2025-04-09,1.27,1.41,1.27,1.39,1.39,2099196,0.0,1.0,SNDL
2025-04-08,1.35,1.37,1.26,1.27,1.27,2074381,0.0,1.0,SNDL
2025-04-07,1.31,1.38,1.26,1.33,1.33,2176450,0.0,1.0,SNDL
2025-04-04,1.38,1.38,1.32,1.37,1.37,2616066,0.0,1.0,SNDL
2025-04-03,1.4,1.44,1.38,1.42,1.42,1371528,0.0,1.0,SNDL
2025-04-02,1.44,1.45,1.41,1.44,1.44,923385,0.0,1.0,SNDL
2025-04-01,1.41,1.46,1.4,1.44,1.44,906155,0.0,1.0,SNDL
2025-03-31,1.43,1.44,1.37,1.41,1.41,1384394,0.0,1.0,SNDL
2025-03-28,1.49,1.5,1.43,1.45,1.45,1527355,0.0,1.0,SNDL
2025-03-27,1.48,1.51,1.44,1.5,1.5,3371624,0.0,1.0,SNDL
2025-03-26,1.54,1.55,1.48,1.49,1.49,1670234,0.0,1.0,SNDL
2025-03-25,1.58,1.59,1.53,1.54,1.54,1000039,0.0,1.0,SNDL
2025-03-24,1.59,1.61,1.58,1.59,1.59,849627,0.0,1.0,SNDL
2025-03-21,1.56,1.62,1.54,1.58,1.58,1289704,0.0,1.0,SNDL
2025-03-20,1.56,1.6,1.54,1.57,1.57,1125467,0.0,1.0,SNDL
2025-03-19,1.61,1.63,1.55,1.57,1.57,1923084,0.0,1.0,SNDL
2025-03-18,1.57,1.64,1.57,1.6,1.6,2103136,0.0,1.0,SNDL
2025-03-17,1.52,1.58,1.51,1.55,1.55,1853723,0.0,1.0,SNDL
2025-03-14,1.5,1.53,1.48,1.51,1.51,1079542,0.0,1.0,SNDL
2025-03-13,1.54,1.55,1.48,1.48,1.48,979192,0.0,1.0,SNDL
2025-03-12,1.51,1.55,1.51,1.54,1.54,1174805,0.0,1.0,SNDL
2025-03-11,1.5,1.53,1.48,1.51,1.51,1480056,0.0,1.0,SNDL
2025-03-10,1.53,1.55,1.49,1.51,1.51,2323445,0.0,1.0,SNDL
2025-03-07,1.57,1.58,1.54,1.56,1.56,1344727,0.0,1.0,SNDL
2025-03-06,1.6,1.62,1.55,1.57,1.57,1263163,0.0,1.0,SNDL
2025-03-05,1.59,1.64,1.56,1.62,1.62,1846444,0.0,1.0,SNDL
2025-03-04,1.56,1.61,1.5,1.57,1.57,2755044,0.0,1.0,SNDL
2025-03-03,1.62,1.65,1.55,1.56,1.56,3202274,0.0,1.0,SNDL
2025-02-28,1.61,1.62,1.58,1.61,1.61,1420672,0.0,1.0,SNDL
2025-02-27,1.63,1.65,1.61,1.61,1.61,1465905,0.0,1.0,SNDL
2025-02-26,1.62,1.66,1.62,1.63,1.63,808077,0.0,1.0,SNDL
2025-02-25,1.66,1.67,1.61,1.62,1.62,1727937,0.0,1.0,SNDL
2025-02-24,1.75,1.76,1.66,1.67,1.67,1905620,0.0,1.0,SNDL
2025-02-21,1.77,1.79,1.73,1.77,1.77,3108588,0.0,1.0,SNDL
2025-02-20,1.77,1.78,1.72,1.76,1.76,1142353,0.0,1.0,SNDL
2025-02-19,1.8,1.82,1.76,1.77,1.77,1727880,0.0,1.0,SNDL
2025-02-18,1.85,1.86,1.79,1.8,1.8,1810914,0.0,1.0,SNDL
2025-02-14,1.86,1.91,1.84,1.86,1.86,1551372,0.0,1.0,SNDL
2025-02-13,1.83,1.91,1.82,1.86,1.86,2277332,0.0,1.0,SNDL
2025-02-12,1.8,1.86,1.79,1.82,1.82,1892355,0.0,1.0,SNDL
2025-02-11,1.86,1.87,1.8,1.81,1.81,1723537,0.0,1.0,SNDL
2025-02-10,1.84,1.88,1.83,1.85,1.85,1964056,0.0,1.0,SNDL
2025-02-07,1.9,1.92,1.84,1.86,1.86,2707169,0.0,1.0,SNDL
2025-02-06,1.87,1.98,1.87,1.93,1.93,3573908,0.0,1.0,SNDL
2025-02-05,1.76,1.95,1.75,1.86,1.86,6099403,0.0,1.0,SNDL
2025-02-04,1.68,1.78,1.67,1.75,1.75,2787217,0.0,1.0,SNDL
2025-02-03,1.65,1.72,1.65,1.66,1.66,2762883,0.0,1.0,SNDL
2025-01-31,1.78,1.83,1.74,1.74,1.74,1710053,0.0,1.0,SNDL
2025-01-30,1.73,1.83,1.73,1.81,1.81,1676829,0.0,1.0,SNDL
2025-01-29,1.73,1.78,1.72,1.73,1.73,1377631,0.0,1.0,SNDL
2025-01-28,1.72,1.77,1.72,1.75,1.75,1641475,0.0,1.0,SNDL
2025-01-27,1.73,1.77,1.72,1.73,1.73,2010186,0.0,1.0,SNDL
2025-01-24,1.74,1.79,1.74,1.75,1.75,1608562,0.0,1.0,SNDL
2025-01-23,1.73,1.77,1.73,1.75,1.75,1395746,0.0,1.0,SNDL
2025-01-22,1.75,1.78,1.74,1.74,1.74,1861513,0.0,1.0,SNDL
2025-01-21,1.78,1.81,1.75,1.76,1.76,1940555,0.0,1.0,SNDL
2025-01-17,1.8,1.84,1.78,1.78,1.78,1600506,0.0,1.0,SNDL
2025-01-16,1.8,1.83,1.79,1.8,1.8,1085034,0.0,1.0,SNDL
2025-01-15,1.81,1.88,1.8,1.8,1.8,1550062,0.0,1.0,SNDL
2025-01-14,1.81,1.84,1.79,1.8,1.8,1334491,0.0,1.0,SNDL
2025-01-13,1.81,1.84,1.79,1.8,1.8,1787111,0.0,1.0,SNDL
2025-01-10,1.86,1.87,1.83,1.84,1.84,2092033,0.0,1.0,SNDL
2025-01-08,1.94,1.96,1.87,1.88,1.88,2503335,0.0,1.0,SNDL
2025-01-07,1.88,1.98,1.88,1.95,1.95,3192892,0.0,1.0,SNDL
2025-01-06,1.91,1.96,1.89,1.89,1.89,1952677,0.0,1.0,SNDL
2025-01-03,1.89,1.94,1.88,1.91,1.91,2250243,0.0,1.0,SNDL
2025-01-02,1.78,1.92,1.78,1.9,1.9,3893867,0.0,1.0,SNDL
2024-12-31,1.74,1.79,1.74,1.79,1.79,2143469,0.0,1.0,SNDL
2024-12-30,1.76,1.8,1.72,1.74,1.74,2910712,0.0,1.0,SNDL
2024-12-27,1.83,1.88,1.77,1.79,1.79,2285949,0.0,1.0,SNDL
2024-12-26,1.81,1.88,1.8,1.85,1.85,1471591,0.0,1.0,SNDL
2024-12-24,1.88,1.91,1.82,1.82,1.82,1256794,0.0,1.0,SNDL
2024-12-23,1.82,1.89,1.8,1.85,1.85,2070724,0.0,1.0,SNDL
2024-12-20,1.71,1.83,1.71,1.8,1.8,2490315,0.0,1.0,SNDL
2024-12-19,1.72,1.81,1.71,1.73,1.73,1902231,0.0,1.0,SNDL
2024-12-18,1.72,1.8,1.7,1.7,1.7,2122265,0.0,1.0,SNDL
2024-12-17,1.68,1.77,1.65,1.75,1.75,2681682,0.0,1.0,SNDL
2024-12-16,1.75,1.78,1.66,1.68,1.68,5175595,0.0,1.0,SNDL
2024-12-13,1.81,1.81,1.76,1.78,1.78,2447177,0.0,1.0,SNDL
2024-12-12,1.82,1.85,1.81,1.82,1.82,1448546,0.0,1.0,SNDL
2024-12-11,1.85,1.91,1.81,1.83,1.83,1964092,0.0,1.0,SNDL
2024-12-10,1.88,1.91,1.85,1.86,1.86,1659836,0.0,1.0,SNDL
2024-12-09,1.89,1.96,1.89,1.89,1.89,1930854,0.0,1.0,SNDL
2024-12-06,1.9,1.94,1.9,1.9,1.9,1678699,0.0,1.0,SNDL
2024-12-05,1.88,1.93,1.87,1.9,1.9,2345854,0.0,1.0,SNDL
2024-12-04,1.9,1.92,1.88,1.89,1.89,1987243,0.0,1.0,SNDL
2024-12-03,1.93,1.94,1.9,1.91,1.91,1829254,0.0,1.0,SNDL
2024-12-02,1.94,1.96,1.92,1.94,1.94,1964782,0.0,1.0,SNDL
2024-11-29,1.96,1.96,1.92,1.93,1.93,1561825,0.0,1.0,SNDL
2024-11-27,1.97,1.99,1.95,1.96,1.96,1195216,0.0,1.0,SNDL
2024-11-26,2.01,2.02,1.95,1.96,1.96,2007783,0.0,1.0,SNDL
2024-11-25,1.97,2.06,1.97,2.02,2.02,2874334,0.0,1.0,SNDL
2024-11-22,1.98,2.02,1.95,1.98,1.98,2585881,0.0,1.0,SNDL
2024-11-21,1.95,2.06,1.94,1.98,1.98,3025295,0.0,1.0,SNDL
2024-11-20,1.95,1.98,1.95,1.96,1.96,766578,0.0,1.0,SNDL
2024-11-19,1.92,1.98,1.92,1.98,1.98,1627145,0.0,1.0,SNDL
2024-11-18,1.94,1.98,1.93,1.94,1.94,1365104,0.0,1.0,SNDL
2024-11-15,1.97,1.98,1.94,1.95,1.95,1539139,0.0,1.0,SNDL
2024-11-14,1.96,1.98,1.94,1.95,1.95,1591905,0.0,1.0,SNDL
2024-11-13,1.99,2.0,1.94,1.96,1.96,2906364,0.0,1.0,SNDL
2024-11-12,1.98,2.04,1.95,2.0,2.0,3861563,0.0,1.0,SNDL
2024-11-11,1.97,2.0,1.96,1.99,1.99,2869159,0.0,1.0,SNDL
2024-11-08,2.04,2.05,1.96,1.98,1.98,3232922,0.0,1.0,SNDL
2024-11-07,2.06,2.08,1.96,2.06,2.06,3662861,0.0,1.0,SNDL
2024-11-06,2.11,2.18,1.96,2.06,2.06,7680109,0.0,1.0,SNDL
2024-11-05,2.16,2.4,2.16,2.39,2.39,6028678,0.0,1.0,SNDL
2024-11-04,2.13,2.22,2.12,2.16,2.16,2694524,0.0,1.0,SNDL
2024-11-01,2.08,2.14,2.08,2.11,2.11,1679223,0.0,1.0,SNDL
2024-10-31,2.12,2.13,2.08,2.08,2.08,1061448,0.0,1.0,SNDL
2024-10-30,2.21,2.22,2.12,2.14,2.14,1791651,0.0,1.0,SNDL
2024-10-29,2.21,2.3,2.19,2.22,2.22,2295474,0.0,1.0,SNDL
2024-10-28,2.2,2.26,2.19,2.21,2.21,2280991,0.0,1.0,SNDL
2024-10-25,2.11,2.27,2.11,2.18,2.18,3276288,0.0,1.0,SNDL
2024-10-24,2.16,2.18,2.07,2.11,2.11,1699771,0.0,1.0,SNDL
2024-10-23,2.12,2.19,2.1,2.15,2.15,2658572,0.0,1.0,SNDL
2024-10-22,2.0,2.18,1.99,2.15,2.15,4523591,0.0,1.0,SNDL
2024-10-21,2.0,2.02,1.98,2.01,2.01,1107289,0.0,1.0,SNDL
2024-10-18,2.0,2.02,2.0,2.02,2.02,967415,0.0,1.0,SNDL
2024-10-17,2.0,2.01,1.97,2.01,2.01,1227103,0.0,1.0,SNDL
2024-10-16,1.99,2.0,1.98,2.0,2.0,774245,0.0,1.0,SNDL
2024-10-15,1.99,2.0,1.97,1.97,1.97,851336,0.0,1.0,SNDL
2024-10-14,1.99,2.02,1.98,2.01,2.01,1090329,0.0,1.0,SNDL
2024-10-11,1.92,2.0,1.91,1.99,1.99,1639330,0.0,1.0,SNDL
2024-10-10,1.93,1.94,1.9,1.92,1.92,1225614,0.0,1.0,SNDL
2024-10-09,1.94,1.96,1.92,1.95,1.95,1074726,0.0,1.0,SNDL
2024-10-08,1.96,1.98,1.94,1.94,1.94,1263563,0.0,1.0,SNDL
2024-10-07,1.98,1.99,1.95,1.96,1.96,1602522,0.0,1.0,SNDL
2024-10-04,1.98,2.0,1.97,2.0,2.0,1826354,0.0,1.0,SNDL
2024-10-03,1.96,2.0,1.94,1.97,1.97,2349418,0.0,1.0,SNDL
2024-10-02,1.99,2.0,1.97,1.98,1.98,1655088,0.0,1.0,SNDL
2024-10-01,2.04,2.05,1.99,1.99,1.99,1765864,0.0,1.0,SNDL
2024-09-30,2.02,2.12,2.02,2.06,2.06,1762690,0.0,1.0,SNDL
2024-09-27,2.01,2.05,2.01,2.02,2.02,1330609,0.0,1.0,SNDL
2024-09-26,2.03,2.04,2.01,2.02,2.02,1475920,0.0,1.0,SNDL
2024-09-25,2.04,2.05,2.0,2.01,2.01,1114004,0.0,1.0,SNDL
2024-09-24,2.02,2.1,2.01,2.04,2.04,2143250,0.0,1.0,SNDL
2024-09-23,2.01,2.02,1.98,2.0,2.0,1693297,0.0,1.0,SNDL
2024-09-20,2.07,2.09,1.99,1.99,1.99,3184407,0.0,1.0,SNDL
2024-09-19,2.16,2.18,2.1,2.1,2.1,1157862,0.0,1.0,SNDL
2024-09-18,2.2,2.24,2.12,2.13,2.13,1944610,0.0,1.0,SNDL
2024-09-17,2.16,2.24,2.16,2.21,2.21,1764007,0.0,1.0,SNDL
2024-09-16,2.06,2.16,2.06,2.15,2.15,2003139,0.0,1.0,SNDL
2024-09-13,2.09,2.11,2.06,2.07,2.07,966810,0.0,1.0,SNDL
2024-09-12,2.07,2.1,2.05,2.08,2.08,1114145,0.0,1.0,SNDL
2024-09-11,2.07,2.11,2.06,2.07,2.07,1157574,0.0,1.0,SNDL
2024-09-10,2.13,2.13,2.03,2.1,2.1,1705432,0.0,1.0,SNDL
2024-09-09,2.01,2.16,2.0,2.11,2.11,2101101,0.0,1.0,SNDL
2024-09-06,2.0,2.02,1.94,1.98,1.98,1632986,0.0,1.0,SNDL
2024-09-05,2.0,2.06,1.99,2.0,2.0,1392798,0.0,1.0,SNDL
2024-09-04,1.96,2.04,1.95,2.02,2.02,1491632,0.0,1.0,SNDL
2024-09-03,1.98,2.02,1.94,1.97,1.97,2015184,0.0,1.0,SNDL
2024-08-30,1.96,1.99,1.93,1.97,1.97,1206079,0.0,1.0,SNDL
2024-08-29,1.94,1.98,1.91,1.95,1.95,1809157,0.0,1.0,SNDL
2024-08-28,1.96,1.97,1.9,1.92,1.92,1508177,0.0,1.0,SNDL
2024-08-27,2.05,2.06,1.93,1.96,1.96,2736141,0.0,1.0,SNDL
2024-08-26,2.1,2.12,2.07,2.08,2.08,1110273,0.0,1.0,SNDL
2024-08-23,2.09,2.13,2.06,2.11,2.11,1085670,0.0,1.0,SNDL
2024-08-22,2.12,2.12,2.06,2.06,2.06,1340673,0.0,1.0,SNDL
2024-08-21,2.13,2.14,2.1,2.11,2.11,979160,0.0,1.0,SNDL
2024-08-20,2.18,2.2,2.11,2.13,2.13,1387924,0.0,1.0,SNDL
2024-08-19,2.2,2.23,2.14,2.2,2.2,1281386,0.0,1.0,SNDL
2024-08-16,2.19,2.22,2.16,2.22,2.22,2177686,0.0,1.0,SNDL
2024-08-15,2.17,2.24,2.16,2.2,2.2,2175796,0.0,1.0,SNDL
2024-08-14,2.13,2.19,2.11,2.16,2.16,1866647,0.0,1.0,SNDL
2024-08-13,2.03,2.14,2.0,2.13,2.13,2346136,0.0,1.0,SNDL
2024-08-12,2.07,2.08,2.0,2.01,2.01,1375732,0.0,1.0,SNDL
2024-08-09,2.11,2.13,2.05,2.06,2.06,1598772,0.0,1.0,SNDL
2024-08-08,2.03,2.11,2.02,2.11,2.11,4002181,0.0,1.0,SNDL
2024-08-07,2.15,2.16,2.02,2.02,2.02,2155475,0.0,1.0,SNDL
2024-08-06,2.07,2.14,2.06,2.11,2.11,1428694,0.0,1.0,SNDL
2024-08-05,1.85,2.11,1.84,2.08,2.08,3624455,0.0,1.0,SNDL
2024-08-02,2.11,2.14,1.99,2.11,2.11,4278047,0.0,1.0,SNDL
2024-08-01,2.27,2.3,2.18,2.21,2.21,2776394,0.0,1.0,SNDL
2024-07-31,2.28,2.34,2.23,2.27,2.27,2439970,0.0,1.0,SNDL
2024-07-30,2.27,2.34,2.25,2.28,2.28,2058946,0.0,1.0,SNDL
2024-07-29,2.25,2.29,2.22,2.24,2.24,1534472,0.0,1.0,SNDL
2024-07-26,2.18,2.25,2.18,2.24,2.24,2236319,0.0,1.0,SNDL
2024-07-25,2.21,2.22,2.13,2.13,2.13,2074157,0.0,1.0,SNDL
2024-07-24,2.3,2.35,2.19,2.22,2.22,4788185,0.0,1.0,SNDL
2024-07-23,2.26,2.37,2.25,2.29,2.29,4368255,0.0,1.0,SNDL
2024-07-22,2.08,2.27,2.08,2.27,2.27,5426720,0.0,1.0,SNDL
2024-07-19,2.09,2.12,2.05,2.07,2.07,1530539,0.0,1.0,SNDL
2024-07-18,2.19,2.2,2.09,2.1,2.1,2822860,0.0,1.0,SNDL
2024-07-17,2.16,2.26,2.13,2.18,2.18,4957793,0.0,1.0,SNDL
2024-07-16,2.2,2.25,2.16,2.2,2.2,2111264,0.0,1.0,SNDL
2024-07-15,2.13,2.24,2.09,2.2,2.2,3711585,0.0,1.0,SNDL
2024-07-12,2.18,2.21,2.13,2.15,2.15,2874810,0.0,1.0,SNDL
2024-07-11,2.05,2.18,2.05,2.18,2.18,5348632,0.0,1.0,SNDL
2024-07-10,1.97,2.05,1.97,2.04,2.04,1606664,0.0,1.0,SNDL
2024-07-09,1.96,2.04,1.95,1.97,1.97,2548157,0.0,1.0,SNDL
2024-07-08,1.94,2.01,1.93,1.97,1.97,2153899,0.0,1.0,SNDL
2024-07-05,1.94,1.96,1.9,1.94,1.94,1487095,0.0,1.0,SNDL
2024-07-03,1.89,2.02,1.88,1.96,1.96,1956169,0.0,1.0,SNDL
2024-07-02,1.92,1.92,1.88,1.88,1.88,1218866,0.0,1.0,SNDL
2024-07-01,1.87,1.93,1.87,1.92,1.92,1255585,0.0,1.0,SNDL
2024-06-28,1.93,1.95,1.86,1.9,1.9,2119692,0.0,1.0,SNDL
2024-06-27,1.89,1.96,1.89,1.92,1.92,3073963,0.0,1.0,SNDL
2024-06-26,1.84,1.96,1.84,1.91,1.91,1877183,0.0,1.0,SNDL
2024-06-25,1.88,1.88,1.84,1.84,1.84,1238984,0.0,1.0,SNDL
2024-06-24,1.81,1.9,1.81,1.88,1.88,1466626,0.0,1.0,SNDL
2024-06-21,1.88,1.89,1.82,1.82,1.82,2530743,0.0,1.0,SNDL
2024-06-20,1.85,1.9,1.85,1.89,1.89,1867641,0.0,1.0,SNDL
2024-06-18,1.9,1.92,1.85,1.86,1.86,2163977,0.0,1.0,SNDL
2024-06-17,1.95,1.96,1.89,1.91,1.91,2346680,0.0,1.0,SNDL
2024-06-14,2.0,2.0,1.93,1.95,1.95,2749635,0.0,1.0,SNDL
2024-06-13,2.05,2.08,1.99,1.99,1.99,1977482,0.0,1.0,SNDL
2024-06-12,2.05,2.1,2.03,2.05,2.05,2018731,0.0,1.0,SNDL
2024-06-11,2.07,2.08,2.03,2.04,2.04,1530849,0.0,1.0,SNDL
2024-06-10,2.05,2.12,2.02,2.1,2.1,1998883,0.0,1.0,SNDL
2024-06-07,2.06,2.1,2.04,2.04,2.04,1866369,0.0,1.0,SNDL
2024-06-06,2.16,2.17,2.06,2.08,2.08,2108925,0.0,1.0,SNDL
2024-06-05,2.12,2.17,2.09,2.16,2.16,1616276,0.0,1.0,SNDL
2024-06-04,2.15,2.17,2.08,2.11,2.11,2124024,0.0,1.0,SNDL
2024-06-03,2.22,2.25,2.12,2.17,2.17,3419427,0.0,1.0,SNDL
2024-05-31,2.22,2.27,2.2,2.22,2.22,1674058,0.0,1.0,SNDL
2024-05-30,2.19,2.28,2.18,2.2,2.2,2200141,0.0,1.0,SNDL
2024-05-29,2.17,2.23,2.14,2.17,2.17,3003461,0.0,1.0,SNDL
2024-05-28,2.23,2.27,2.17,2.22,2.22,2251189,0.0,1.0,SNDL
2024-05-24,2.21,2.28,2.2,2.22,2.22,2935959,0.0,1.0,SNDL
2024-05-23,2.3,2.32,2.16,2.18,2.18,4794304,0.0,1.0,SNDL
2024-05-22,2.39,2.4,2.3,2.34,2.34,2914452,0.0,1.0,SNDL
2024-05-21,2.4,2.44,2.33,2.36,2.36,3132470,0.0,1.0,SNDL
2024-05-20,2.49,2.49,2.37,2.4,2.4,4694560,0.0,1.0,SNDL
2024-05-17,2.69,2.74,2.44,2.46,2.46,10333067,0.0,1.0,SNDL
2024-05-16,2.57,2.75,2.49,2.65,2.65,11297679,0.0,1.0,SNDL
2024-05-15,2.68,2.68,2.47,2.57,2.57,7606004,0.0,1.0,SNDL
2024-05-14,2.57,2.93,2.55,2.62,2.62,19092389,0.0,1.0,SNDL
2024-05-13,2.29,2.5,2.28,2.4,2.4,5696947,0.0,1.0,SNDL
2024-05-10,2.42,2.44,2.26,2.3,2.3,3878760,0.0,1.0,SNDL
2024-05-09,2.32,2.5,2.15,2.4,2.4,8310632,0.0,1.0,SNDL
2024-05-08,2.56,2.56,2.41,2.46,2.46,5511943,0.0,1.0,SNDL
2024-05-07,2.46,2.61,2.42,2.53,2.53,6021882,0.0,1.0,SNDL
2024-05-06,2.44,2.63,2.4,2.47,2.47,10086215,0.0,1.0,SNDL
2024-05-03,2.33,2.44,2.28,2.35,2.35,6656362,0.0,1.0,SNDL
2024-05-02,2.26,2.4,2.2,2.27,2.27,4765148,0.0,1.0,SNDL
2024-05-01,2.35,2.44,2.07,2.22,2.22,14553493,0.0,1.0,SNDL
2024-04-30,2.01,2.52,1.97,2.47,2.47,22752434,0.0,1.0,SNDL
2024-04-29,1.99,2.07,1.96,2.01,2.01,3339326,0.0,1.0,SNDL
2024-04-26,1.96,2.08,1.95,2.01,2.01,4089961,0.0,1.0,SNDL
2024-04-25,1.97,1.99,1.94,1.95,1.95,1500856,0.0,1.0,SNDL
2024-04-24,2.06,2.07,1.97,2.0,2.0,6174810,0.0,1.0,SNDL
2024-04-23,1.85,2.08,1.85,2.07,2.07,4913137,0.0,1.0,SNDL
2024-04-22,1.87,1.9,1.8,1.88,1.88,2795624,0.0,1.0,SNDL
2024-04-19,1.83,1.9,1.81,1.87,1.87,3180932,0.0,1.0,SNDL
2024-04-18,1.81,1.91,1.8,1.83,1.83,3269738,0.0,1.0,SNDL
2024-04-17,1.98,1.99,1.75,1.83,1.83,7234173,0.0,1.0,SNDL
2024-04-16,1.91,2.0,1.88,1.98,1.98,4074357,0.0,1.0,SNDL
2024-04-15,1.98,2.06,1.92,1.92,1.92,5498314,0.0,1.0,SNDL
2024-04-12,2.09,2.16,1.97,2.0,2.0,4623969,0.0,1.0,SNDL
2024-04-11,2.07,2.12,1.96,2.09,2.09,6094244,0.0,1.0,SNDL
2024-04-10,2.02,2.2,1.98,2.07,2.07,6356665,0.0,1.0,SNDL
2024-04-09,2.13,2.26,2.07,2.09,2.09,9127701,0.0,1.0,SNDL
2024-04-08,2.21,2.41,2.16,2.27,2.27,8977990,0.0,1.0,SNDL
2024-04-05,2.17,2.27,2.12,2.2,2.2,9844077,0.0,1.0,SNDL
2024-04-04,2.67,2.67,2.23,2.27,2.27,27179494,0.0,1.0,SNDL
2024-04-03,2.04,2.53,1.98,2.5,2.5,22387180,0.0,1.0,SNDL
2024-04-02,1.96,2.12,1.92,2.04,2.04,8191160,0.0,1.0,SNDL
2024-04-01,2.0,2.03,1.91,1.97,1.97,8630174,0.0,1.0,SNDL
2024-03-28,2.1,2.12,1.99,2.0,2.0,14186920,0.0,1.0,SNDL
2024-03-27,1.99,2.19,1.87,2.18,2.18,17923287,0.0,1.0,SNDL
2024-03-26,1.72,1.99,1.71,1.97,1.97,15043024,0.0,1.0,SNDL
2024-03-25,1.75,1.81,1.68,1.73,1.73,10605676,0.0,1.0,SNDL
2024-03-22,1.43,1.77,1.42,1.75,1.75,18553832,0.0,1.0,SNDL
2024-03-21,1.55,1.55,1.4,1.44,1.44,7832907,0.0,1.0,SNDL
2024-03-20,1.48,1.54,1.45,1.53,1.53,5474402,0.0,1.0,SNDL
2024-03-19,1.46,1.51,1.42,1.49,1.49,3879665,0.0,1.0,SNDL
2024-03-18,1.41,1.52,1.38,1.49,1.49,9028553,0.0,1.0,SNDL
2024-03-15,1.32,1.4,1.31,1.4,1.4,4903270,0.0,1.0,SNDL
2024-03-14,1.35,1.35,1.31,1.31,1.31,2351110,0.0,1.0,SNDL
2024-03-13,1.34,1.37,1.33,1.34,1.34,1692607,0.0,1.0,SNDL
2024-03-12,1.33,1.35,1.31,1.35,1.35,2065218,0.0,1.0,SNDL
2024-03-11,1.36,1.38,1.33,1.33,1.33,2417287,0.0,1.0,SNDL
2024-03-08,1.34,1.4,1.33,1.36,1.36,3341555,0.0,1.0,SNDL
2024-03-07,1.33,1.36,1.32,1.33,1.33,1904711,0.0,1.0,SNDL
2024-03-06,1.34,1.36,1.32,1.33,1.33,3224275,0.0,1.0,SNDL
2024-03-05,1.35,1.38,1.32,1.33,1.33,3006399,0.0,1.0,SNDL
2024-03-04,1.36,1.37,1.33,1.36,1.36,3217115,0.0,1.0,SNDL
2024-03-01,1.36,1.4,1.34,1.38,1.38,2591839,0.0,1.0,SNDL
2024-02-29,1.39,1.4,1.35,1.35,1.35,2254173,0.0,1.0,SNDL
2024-02-28,1.4,1.43,1.38,1.38,1.38,1717587,0.0,1.0,SNDL
2024-02-27,1.36,1.43,1.36,1.42,1.42,2146372,0.0,1.0,SNDL
2024-02-26,1.36,1.4,1.36,1.36,1.36,1834672,0.0,1.0,SNDL
2024-02-23,1.37,1.38,1.35,1.37,1.37,1286719,0.0,1.0,SNDL
2024-02-22,1.38,1.39,1.36,1.37,1.37,1993189,0.0,1.0,SNDL
2024-02-21,1.36,1.4,1.35,1.38,1.38,2421726,0.0,1.0,SNDL
2024-02-20,1.44,1.46,1.36,1.36,1.36,3587815,0.0,1.0,SNDL
2024-02-16,1.42,1.49,1.41,1.49,1.49,3794665,0.0,1.0,SNDL
2024-02-15,1.37,1.45,1.36,1.43,1.43,4209374,0.0,1.0,SNDL
2024-02-14,1.35,1.38,1.33,1.38,1.38,4827677,0.0,1.0,SNDL
2024-02-13,1.37,1.38,1.3,1.33,1.33,3510019,0.0,1.0,SNDL
2024-02-12,1.37,1.42,1.37,1.38,1.38,1985422,0.0,1.0,SNDL
2024-02-09,1.38,1.41,1.37,1.38,1.38,1715980,0.0,1.0,SNDL
2024-02-08,1.35,1.39,1.34,1.36,1.36,1912413,0.0,1.0,SNDL
2024-02-07,1.39,1.39,1.34,1.34,1.34,1772762,0.0,1.0,SNDL
2024-02-06,1.33,1.4,1.32,1.4,1.4,3175902,0.0,1.0,SNDL
2024-02-05,1.36,1.37,1.33,1.33,1.33,1457426,0.0,1.0,SNDL
2024-02-02,1.38,1.38,1.33,1.36,1.36,2593342,0.0,1.0,SNDL
2024-02-01,1.35,1.41,1.33,1.39,1.39,3997383,0.0,1.0,SNDL
2024-01-31,1.33,1.38,1.32,1.33,1.33,3449296,0.0,1.0,SNDL
2024-01-30,1.4,1.4,1.33,1.34,1.34,6219908,0.0,1.0,SNDL
2024-01-29,1.4,1.42,1.38,1.41,1.41,4302955,0.0,1.0,SNDL
2024-01-26,1.41,1.44,1.4,1.41,1.41,1615219,0.0,1.0,SNDL
2024-01-25,1.41,1.44,1.39,1.43,1.43,1876518,0.0,1.0,SNDL
2024-01-24,1.46,1.46,1.41,1.41,1.41,2191470,0.0,1.0,SNDL
2024-01-23,1.43,1.47,1.43,1.45,1.45,1974982,0.0,1.0,SNDL
2024-01-22,1.44,1.49,1.42,1.43,1.43,2627965,0.0,1.0,SNDL
2024-01-19,1.4,1.44,1.36,1.44,1.44,2621941,0.0,1.0,SNDL
2024-01-18,1.47,1.47,1.37,1.37,1.37,3185134,0.0,1.0,SNDL
2024-01-17,1.5,1.5,1.45,1.45,1.45,3035165,0.0,1.0,SNDL
2024-01-16,1.48,1.52,1.45,1.49,1.49,4463270,0.0,1.0,SNDL
2024-01-12,1.48,1.51,1.46,1.48,1.48,1955639,0.0,1.0,SNDL
2024-01-11,1.51,1.51,1.47,1.47,1.47,2063623,0.0,1.0,SNDL
2024-01-10,1.57,1.57,1.49,1.51,1.51,3791236,0.0,1.0,SNDL
2024-01-09,1.67,1.69,1.56,1.57,1.57,5457605,0.0,1.0,SNDL
2024-01-08,1.6,1.68,1.56,1.67,1.67,4846174,0.0,1.0,SNDL
2024-01-05,1.57,1.61,1.55,1.61,1.61,2332950,0.0,1.0,SNDL
2024-01-04,1.6,1.6,1.55,1.58,1.58,2368505,0.0,1.0,SNDL
2024-01-03,1.55,1.62,1.51,1.59,1.59,3943340,0.0,1.0,SNDL
2024-01-02,1.6,1.68,1.57,1.58,1.58,3997106,0.0,1.0,SNDL
2023-12-29,1.65,1.71,1.63,1.64,1.64,4030283,0.0,1.0,SNDL
2023-12-28,1.55,1.69,1.53,1.64,1.64,7484640,0.0,1.0,SNDL
2023-12-27,1.57,1.62,1.54,1.55,1.55,4308994,0.0,1.0,SNDL
2023-12-26,1.54,1.6,1.52,1.57,1.57,3598428,0.0,1.0,SNDL
2023-12-22,1.44,1.59,1.43,1.54,1.54,7086505,0.0,1.0,SNDL
2023-12-21,1.42,1.47,1.42,1.46,1.46,2134041,0.0,1.0,SNDL
2023-12-20,1.43,1.5,1.41,1.42,1.42,4577223,0.0,1.0,SNDL
2023-12-19,1.42,1.47,1.42,1.44,1.44,5054096,0.0,1.0,SNDL
2023-12-18,1.47,1.48,1.42,1.42,1.42,2669981,0.0,1.0,SNDL
2023-12-15,1.49,1.52,1.46,1.48,1.48,2072224,0.0,1.0,SNDL
2023-12-14,1.47,1.55,1.46,1.51,1.51,4079957,0.0,1.0,SNDL
2023-12-13,1.4,1.48,1.4,1.48,1.48,4017038,0.0,1.0,SNDL
2023-12-12,1.43,1.43,1.4,1.4,1.4,3295516,0.0,1.0,SNDL
2023-12-11,1.47,1.49,1.41,1.43,1.43,2679027,0.0,1.0,SNDL
2023-12-08,1.45,1.5,1.44,1.48,1.48,2354086,0.0,1.0,SNDL
2023-12-07,1.47,1.49,1.44,1.45,1.45,1790621,0.0,1.0,SNDL
2023-12-06,1.46,1.52,1.45,1.46,1.46,1795787,0.0,1.0,SNDL
2023-12-05,1.51,1.55,1.44,1.45,1.45,2966195,0.0,1.0,SNDL
2023-12-04,1.49,1.58,1.48,1.53,1.53,4405806,0.0,1.0,SNDL
2023-12-01,1.44,1.5,1.42,1.5,1.5,2050105,0.0,1.0,SNDL
2023-11-30,1.43,1.45,1.4,1.43,1.43,1528239,0.0,1.0,SNDL
2023-11-29,1.44,1.48,1.42,1.42,1.42,3093577,0.0,1.0,SNDL
2023-11-28,1.45,1.45,1.41,1.41,1.41,1927834,0.0,1.0,SNDL
2023-11-27,1.49,1.5,1.44,1.46,1.46,1951615,0.0,1.0,SNDL
2023-11-24,1.47,1.52,1.47,1.5,1.5,579587,0.0,1.0,SNDL
2023-11-22,1.51,1.51,1.46,1.48,1.48,1389480,0.0,1.0,SNDL
2023-11-21,1.52,1.52,1.47,1.48,1.48,1385154,0.0,1.0,SNDL
2023-11-20,1.48,1.55,1.48,1.53,1.53,2526563,0.0,1.0,SNDL
2023-11-17,1.45,1.52,1.43,1.48,1.48,5998925,0.0,1.0,SNDL
2023-11-16,1.5,1.51,1.39,1.43,1.43,5593633,0.0,1.0,SNDL
2023-11-15,1.53,1.61,1.5,1.5,1.5,5728629,0.0,1.0,SNDL
2023-11-14,1.6,1.6,1.49,1.53,1.53,5337485,0.0,1.0,SNDL
2023-11-13,1.46,1.61,1.42,1.6,1.6,5445384,0.0,1.0,SNDL
2023-11-10,1.4,1.44,1.35,1.43,1.43,2973081,0.0,1.0,SNDL
2023-11-09,1.47,1.49,1.38,1.38,1.38,2009767,0.0,1.0,SNDL
2023-11-08,1.52,1.55,1.45,1.47,1.47,1865830,0.0,1.0,SNDL
2023-11-07,1.5,1.52,1.46,1.52,1.52,1245936,0.0,1.0,SNDL
2023-11-06,1.58,1.59,1.48,1.5,1.5,1911222,0.0,1.0,SNDL
2023-11-03,1.54,1.61,1.54,1.56,1.56,2158240,0.0,1.0,SNDL
2023-11-02,1.45,1.53,1.45,1.53,1.53,1892027,0.0,1.0,SNDL
2023-11-01,1.44,1.46,1.39,1.44,1.44,1366058,0.0,1.0,SNDL
2023-10-31,1.35,1.46,1.34,1.44,1.44,2059702,0.0,1.0,SNDL
2023-10-30,1.33,1.37,1.31,1.35,1.35,1710321,0.0,1.0,SNDL
2023-10-27,1.37,1.38,1.32,1.33,1.33,2397680,0.0,1.0,SNDL
2023-10-26,1.38,1.41,1.35,1.36,1.36,1692499,0.0,1.0,SNDL
2023-10-25,1.45,1.46,1.37,1.37,1.37,1610387,0.0,1.0,SNDL
2023-10-24,1.41,1.48,1.41,1.47,1.47,1593230,0.0,1.0,SNDL
2023-10-23,1.43,1.45,1.39,1.41,1.41,2058217,0.0,1.0,SNDL
2023-10-20,1.49,1.5,1.44,1.45,1.45,2159913,0.0,1.0,SNDL
2023-10-19,1.5,1.55,1.48,1.49,1.49,2317371,0.0,1.0,SNDL
2023-10-18,1.58,1.59,1.5,1.51,1.51,3473167,0.0,1.0,SNDL
2023-10-17,1.57,1.61,1.56,1.59,1.59,1643516,0.0,1.0,SNDL
2023-10-16,1.56,1.59,1.52,1.58,1.58,2230478,0.0,1.0,SNDL
2023-10-13,1.53,1.59,1.52,1.55,1.55,2490104,0.0,1.0,SNDL
2023-10-12,1.61,1.62,1.52,1.54,1.54,2378906,0.0,1.0,SNDL
2023-10-11,1.66,1.7,1.6,1.6,1.6,2337289,0.0,1.0,SNDL
2023-10-10,1.6,1.71,1.6,1.67,1.67,2176264,0.0,1.0,SNDL
2023-10-09,1.64,1.67,1.58,1.61,1.61,2785292,0.0,1.0,SNDL
2023-10-06,1.68,1.74,1.66,1.69,1.69,1817156,0.0,1.0,SNDL
2023-10-05,1.69,1.75,1.67,1.71,1.71,2335854,0.0,1.0,SNDL
2023-10-04,1.65,1.76,1.62,1.71,1.71,4257594,0.0,1.0,SNDL
2023-10-03,1.73,1.75,1.65,1.68,1.68,4578752,0.0,1.0,SNDL
2023-10-02,1.9,1.9,1.73,1.75,1.75,4360192,0.0,1.0,SNDL
2023-09-29,1.9,1.96,1.88,1.9,1.9,3314672,0.0,1.0,SNDL
2023-09-28,1.96,1.99,1.82,1.92,1.92,5057605,0.0,1.0,SNDL
2023-09-27,2.03,2.09,1.94,1.97,1.97,5271588,0.0,1.0,SNDL
2023-09-26,2.04,2.14,1.97,1.99,1.99,4320900,0.0,1.0,SNDL
2023-09-25,1.91,2.12,1.88,2.08,2.08,6323513,0.0,1.0,SNDL
2023-09-22,1.92,1.98,1.88,1.93,1.93,3044406,0.0,1.0,SNDL
2023-09-21,1.94,1.99,1.88,1.9,1.9,4956241,0.0,1.0,SNDL
2023-09-20,1.99,2.13,1.93,1.98,1.98,6133032,0.0,1.0,SNDL
2023-09-19,2.04,2.11,1.96,1.96,1.96,5727407,0.0,1.0,SNDL
2023-09-18,2.15,2.16,2.0,2.02,2.02,6412533,0.0,1.0,SNDL
2023-09-15,2.25,2.36,2.12,2.15,2.15,10136725,0.0,1.0,SNDL
2023-09-14,2.19,2.3,2.14,2.17,2.17,8898603,0.0,1.0,SNDL
2023-09-13,2.09,2.26,2.03,2.19,2.19,7846308,0.0,1.0,SNDL
2023-09-12,2.16,2.26,2.05,2.1,2.1,9042682,0.0,1.0,SNDL
2023-09-11,1.97,2.22,1.96,2.18,2.18,17315278,0.0,1.0,SNDL
2023-09-08,1.89,1.96,1.84,1.95,1.95,7010565,0.0,1.0,SNDL
2023-09-07,1.82,1.92,1.74,1.88,1.88,5513785,0.0,1.0,SNDL
2023-09-06,1.95,2.02,1.79,1.84,1.84,8944575,0.0,1.0,SNDL
2023-09-05,1.75,2.02,1.72,1.9,1.9,11406711,0.0,1.0,SNDL
2023-09-01,1.84,1.86,1.75,1.76,1.76,6828881,0.0,1.0,SNDL
2023-08-31,1.67,1.9,1.66,1.79,1.79,13505608,0.0,1.0,SNDL
2023-08-30,1.54,1.72,1.51,1.66,1.66,9324887,0.0,1.0,SNDL
2023-08-29,1.5,1.56,1.48,1.54,1.54,2517067,0.0,1.0,SNDL
2023-08-28,1.57,1.59,1.5,1.5,1.5,2878883,0.0,1.0,SNDL
2023-08-25,1.55,1.61,1.55,1.58,1.58,1682458,0.0,1.0,SNDL
2023-08-24,1.68,1.69,1.55,1.55,1.55,3638628,0.0,1.0,SNDL
2023-08-23,1.74,1.74,1.67,1.72,1.72,3423086,0.0,1.0,SNDL
2023-08-22,1.65,1.74,1.64,1.73,1.73,3400852,0.0,1.0,SNDL
2023-08-21,1.82,1.82,1.62,1.64,1.64,3956468,0.0,1.0,SNDL
2023-08-18,1.72,1.84,1.69,1.81,1.81,7246852,0.0,1.0,SNDL
2023-08-17,1.74,1.82,1.68,1.77,1.77,7389193,0.0,1.0,SNDL
2023-08-16,1.57,1.75,1.54,1.74,1.74,11873433,0.0,1.0,SNDL
2023-08-15,1.62,1.64,1.56,1.58,1.58,2551956,0.0,1.0,SNDL
2023-08-14,1.6,1.65,1.52,1.65,1.65,4054332,0.0,1.0,SNDL
2023-08-11,1.57,1.64,1.56,1.59,1.59,2457392,0.0,1.0,SNDL
2023-08-10,1.6,1.63,1.56,1.59,1.59,2459870,0.0,1.0,SNDL
2023-08-09,1.65,1.65,1.54,1.6,1.6,4786115,0.0,1.0,SNDL
2023-08-08,1.48,1.65,1.45,1.65,1.65,6282734,0.0,1.0,SNDL
2023-08-07,1.49,1.5,1.43,1.49,1.49,2579190,0.0,1.0,SNDL
2023-08-04,1.54,1.57,1.49,1.49,1.49,2295460,0.0,1.0,SNDL
2023-08-03,1.49,1.54,1.46,1.52,1.52,1848500,0.0,1.0,SNDL
2023-08-02,1.53,1.59,1.48,1.51,1.51,2955293,0.0,1.0,SNDL
2023-08-01,1.64,1.64,1.57,1.6,1.6,2398291,0.0,1.0,SNDL
2023-07-31,1.57,1.67,1.55,1.67,1.67,4696120,0.0,1.0,SNDL
2023-07-28,1.5,1.55,1.48,1.54,1.54,3354253,0.0,1.0,SNDL
2023-07-27,1.49,1.56,1.45,1.47,1.47,4403074,0.0,1.0,SNDL
2023-07-26,1.42,1.54,1.42,1.48,1.48,7390723,0.0,1.0,SNDL
2023-07-25,1.41,1.42,1.37,1.37,1.37,1970034,0.0,1.0,SNDL
2023-07-24,1.4,1.44,1.36,1.41,1.41,2589081,0.0,1.0,SNDL
2023-07-21,1.39,1.42,1.35,1.39,1.39,1625764,0.0,1.0,SNDL
2023-07-20,1.46,1.46,1.38,1.38,1.38,2137208,0.0,1.0,SNDL
2023-07-19,1.4,1.48,1.4,1.47,1.47,3333951,0.0,1.0,SNDL
2023-07-18,1.42,1.44,1.4,1.42,1.42,998325,0.0,1.0,SNDL
2023-07-17,1.4,1.44,1.37,1.42,1.42,2093815,0.0,1.0,SNDL
2023-07-14,1.48,1.48,1.4,1.4,1.4,3259366,0.0,1.0,SNDL
2023-07-13,1.46,1.53,1.45,1.49,1.49,3245028,0.0,1.0,SNDL
2023-07-12,1.49,1.52,1.43,1.47,1.47,2928337,0.0,1.0,SNDL
2023-07-11,1.49,1.56,1.46,1.47,1.47,4143043,0.0,1.0,SNDL
2023-07-10,1.43,1.5,1.4,1.49,1.49,2870498,0.0,1.0,SNDL
2023-07-07,1.33,1.47,1.32,1.44,1.44,3246621,0.0,1.0,SNDL
2023-07-06,1.39,1.4,1.32,1.32,1.32,3388160,0.0,1.0,SNDL
2023-07-05,1.4,1.43,1.38,1.4,1.4,2156909,0.0,1.0,SNDL
2023-07-03,1.37,1.45,1.37,1.42,1.42,2550704,0.0,1.0,SNDL
2023-06-30,1.37,1.4,1.35,1.37,1.37,2085133,0.0,1.0,SNDL
2023-06-29,1.33,1.38,1.32,1.36,1.36,1372963,0.0,1.0,SNDL
2023-06-28,1.29,1.34,1.28,1.34,1.34,1795148,0.0,1.0,SNDL
2023-06-27,1.29,1.31,1.26,1.31,1.31,1978086,0.0,1.0,SNDL
2023-06-26,1.27,1.32,1.26,1.29,1.29,2372755,0.0,1.0,SNDL
2023-06-23,1.36,1.36,1.25,1.25,1.25,6000662,0.0,1.0,SNDL
2023-06-22,1.37,1.38,1.35,1.38,1.38,1665423,0.0,1.0,SNDL
2023-06-21,1.39,1.41,1.35,1.37,1.37,2875910,0.0,1.0,SNDL
2023-06-20,1.4,1.4,1.35,1.38,1.38,2604851,0.0,1.0,SNDL
2023-06-16,1.42,1.45,1.39,1.4,1.4,2111192,0.0,1.0,SNDL
2023-06-15,1.4,1.43,1.36,1.42,1.42,2035461,0.0,1.0,SNDL
2023-06-14,1.44,1.44,1.37,1.4,1.4,4010003,0.0,1.0,SNDL
2023-06-13,1.43,1.46,1.4,1.44,1.44,1973811,0.0,1.0,SNDL
2023-06-12,1.4,1.47,1.38,1.44,1.44,2942737,0.0,1.0,SNDL
2023-06-09,1.43,1.45,1.4,1.41,1.41,2200257,0.0,1.0,SNDL
2023-06-08,1.46,1.48,1.41,1.45,1.45,2148448,0.0,1.0,SNDL
2023-06-07,1.49,1.52,1.43,1.48,1.48,2269689,0.0,1.0,SNDL
2023-06-06,1.45,1.48,1.42,1.48,1.48,1686390,0.0,1.0,SNDL
2023-06-05,1.48,1.48,1.42,1.45,1.45,1630862,0.0,1.0,SNDL
2023-06-02,1.49,1.52,1.46,1.48,1.48,1648294,0.0,1.0,SNDL
2023-06-01,1.43,1.49,1.4,1.45,1.45,3023131,0.0,1.0,SNDL
2023-05-31,1.49,1.49,1.42,1.42,1.42,3240804,0.0,1.0,SNDL
2023-05-30,1.59,1.6,1.48,1.48,1.48,3972435,0.0,1.0,SNDL
2023-05-26,1.56,1.56,1.52,1.56,1.56,2531678,0.0,1.0,SNDL
2023-05-25,1.72,1.72,1.53,1.56,1.56,5259668,0.0,1.0,SNDL
2023-05-24,1.78,1.78,1.66,1.71,1.71,2381253,0.0,1.0,SNDL
2023-05-23,1.8,1.88,1.76,1.79,1.79,2705501,0.0,1.0,SNDL
2023-05-22,1.79,1.98,1.78,1.83,1.83,9744159,0.0,1.0,SNDL
2023-05-19,1.65,1.78,1.64,1.76,1.76,3820428,0.0,1.0,SNDL
2023-05-18,1.65,1.71,1.61,1.65,1.65,2849849,0.0,1.0,SNDL
2023-05-17,1.62,1.68,1.57,1.66,1.66,2303604,0.0,1.0,SNDL
2023-05-16,1.67,1.67,1.62,1.63,1.63,1111662,0.0,1.0,SNDL
2023-05-15,1.66,1.72,1.52,1.69,1.69,3067893,0.0,1.0,SNDL
2023-05-12,1.66,1.76,1.65,1.69,1.69,2758136,0.0,1.0,SNDL
2023-05-11,1.84,1.9,1.62,1.63,1.63,5275567,0.0,1.0,SNDL
2023-05-10,1.78,1.84,1.76,1.81,1.81,2955491,0.0,1.0,SNDL
2023-05-09,1.72,1.78,1.69,1.75,1.75,1874967,0.0,1.0,SNDL
2023-05-08,1.72,1.74,1.66,1.73,1.73,1744141,0.0,1.0,SNDL
2023-05-05,1.64,1.75,1.62,1.73,1.73,4155173,0.0,1.0,SNDL
2023-05-04,1.56,1.68,1.56,1.61,1.61,2959826,0.0,1.0,SNDL
2023-05-03,1.52,1.61,1.51,1.56,1.56,1717819,0.0,1.0,SNDL
2023-05-02,1.53,1.56,1.48,1.53,1.53,1795229,0.0,1.0,SNDL
2023-05-01,1.47,1.55,1.47,1.54,1.54,2533415,0.0,1.0,SNDL
2023-04-28,1.45,1.53,1.42,1.49,1.49,2318007,0.0,1.0,SNDL
2023-04-27,1.38,1.49,1.37,1.47,1.47,4102580,0.0,1.0,SNDL
2023-04-26,1.38,1.38,1.29,1.37,1.37,2666680,0.0,1.0,SNDL
2023-04-25,1.4,1.43,1.38,1.39,1.39,1392099,0.0,1.0,SNDL
2023-04-24,1.46,1.48,1.29,1.42,1.42,7365482,0.0,1.0,SNDL
2023-04-21,1.48,1.48,1.44,1.44,1.44,2158055,0.0,1.0,SNDL
2023-04-20,1.51,1.53,1.46,1.47,1.47,2740449,0.0,1.0,SNDL
2023-04-19,1.52,1.53,1.51,1.52,1.52,1513310,0.0,1.0,SNDL
2023-04-18,1.57,1.6,1.52,1.52,1.52,1777939,0.0,1.0,SNDL
2023-04-17,1.51,1.58,1.48,1.57,1.57,2977416,0.0,1.0,SNDL
2023-04-14,1.53,1.55,1.5,1.51,1.51,2722473,0.0,1.0,SNDL
2023-04-13,1.52,1.55,1.51,1.51,1.51,1920662,0.0,1.0,SNDL
2023-04-12,1.58,1.59,1.5,1.51,1.51,2236561,0.0,1.0,SNDL
2023-04-11,1.56,1.59,1.53,1.55,1.55,1726005,0.0,1.0,SNDL
2023-04-10,1.5,1.58,1.48,1.55,1.55,3494117,0.0,1.0,SNDL
2023-04-06,1.49,1.51,1.46,1.51,1.51,1856630,0.0,1.0,SNDL
2023-04-05,1.55,1.58,1.47,1.48,1.48,3196716,0.0,1.0,SNDL
2023-04-04,1.6,1.61,1.53,1.54,1.54,1446403,0.0,1.0,SNDL
2023-04-03,1.59,1.63,1.57,1.59,1.59,1404894,0.0,1.0,SNDL
2023-03-31,1.57,1.63,1.57,1.6,1.6,2123358,0.0,1.0,SNDL
2023-03-30,1.57,1.62,1.56,1.57,1.57,1644960,0.0,1.0,SNDL
2023-03-29,1.54,1.59,1.52,1.57,1.57,2145848,0.0,1.0,SNDL
2023-03-28,1.52,1.55,1.52,1.54,1.54,1248087,0.0,1.0,SNDL
2023-03-27,1.57,1.59,1.51,1.54,1.54,1983908,0.0,1.0,SNDL
2023-03-24,1.54,1.58,1.52,1.57,1.57,1969036,0.0,1.0,SNDL
2023-03-23,1.54,1.61,1.52,1.54,1.54,2076947,0.0,1.0,SNDL
2023-03-22,1.58,1.59,1.5,1.5,1.5,3899585,0.0,1.0,SNDL
2023-03-21,1.49,1.67,1.48,1.58,1.58,6337785,0.0,1.0,SNDL
2023-03-20,1.55,1.56,1.46,1.46,1.46,3421677,0.0,1.0,SNDL
2023-03-17,1.57,1.58,1.52,1.56,1.56,2647065,0.0,1.0,SNDL
2023-03-16,1.47,1.61,1.45,1.59,1.59,3751937,0.0,1.0,SNDL
2023-03-15,1.48,1.5,1.45,1.48,1.48,4352573,0.0,1.0,SNDL
2023-03-14,1.56,1.58,1.53,1.53,1.53,2245848,0.0,1.0,SNDL
2023-03-13,1.5,1.6,1.47,1.52,1.52,3727093,0.0,1.0,SNDL
2023-03-10,1.63,1.63,1.56,1.56,1.56,3848481,0.0,1.0,SNDL
2023-03-09,1.63,1.72,1.61,1.62,1.62,6511626,0.0,1.0,SNDL
2023-03-08,1.74,1.74,1.63,1.63,1.63,6202026,0.0,1.0,SNDL
2023-03-07,1.79,1.8,1.73,1.73,1.73,3579014,0.0,1.0,SNDL
2023-03-06,1.9,1.91,1.78,1.8,1.8,3439783,0.0,1.0,SNDL
2023-03-03,1.8,1.92,1.8,1.9,1.9,4120135,0.0,1.0,SNDL
2023-03-02,1.82,1.82,1.74,1.78,1.78,5200891,0.0,1.0,SNDL
2023-03-01,1.87,1.9,1.82,1.82,1.82,3786143,0.0,1.0,SNDL
2023-02-28,1.94,1.95,1.86,1.88,1.88,6258187,0.0,1.0,SNDL
2023-02-27,1.96,1.96,1.92,1.95,1.95,2386878,0.0,1.0,SNDL
2023-02-24,1.96,1.98,1.91,1.92,1.92,3410449,0.0,1.0,SNDL
2023-02-23,2.02,2.04,1.97,2.01,2.01,1907827,0.0,1.0,SNDL
2023-02-22,1.96,2.0,1.94,1.99,1.99,3104101,0.0,1.0,SNDL
2023-02-21,2.03,2.05,1.94,1.94,1.94,4095224,0.0,1.0,SNDL
2023-02-17,2.13,2.13,2.03,2.07,2.07,3571196,0.0,1.0,SNDL
2023-02-16,2.11,2.21,2.1,2.13,2.13,3608303,0.0,1.0,SNDL
2023-02-15,2.06,2.15,2.03,2.15,2.15,4272885,0.0,1.0,SNDL
2023-02-14,2.06,2.1,1.99,2.09,2.09,4694351,0.0,1.0,SNDL
2023-02-13,2.05,2.07,2.02,2.03,2.03,2814527,0.0,1.0,SNDL
2023-02-10,2.04,2.1,2.0,2.04,2.04,4515065,0.0,1.0,SNDL
2023-02-09,2.23,2.23,2.02,2.04,2.04,6430654,0.0,1.0,SNDL
2023-02-08,2.25,2.29,2.2,2.2,2.2,2179793,0.0,1.0,SNDL
2023-02-07,2.27,2.28,2.18,2.26,2.26,3971342,0.0,1.0,SNDL
2023-02-06,2.29,2.34,2.25,2.27,2.27,2639411,0.0,1.0,SNDL
2023-02-03,2.35,2.43,2.3,2.3,2.3,3531676,0.0,1.0,SNDL
2023-02-02,2.34,2.48,2.34,2.39,2.39,5938379,0.0,1.0,SNDL
2023-02-01,2.28,2.35,2.22,2.33,2.33,5472064,0.0,1.0,SNDL
2023-01-31,2.2,2.3,2.18,2.3,2.3,4597284,0.0,1.0,SNDL
2023-01-30,2.22,2.26,2.17,2.18,2.18,3384373,0.0,1.0,SNDL
2023-01-27,2.21,2.32,2.19,2.27,2.27,3477589,0.0,1.0,SNDL
2023-01-26,2.32,2.34,2.21,2.23,2.23,2675059,0.0,1.0,SNDL
2023-01-25,2.27,2.32,2.23,2.29,2.29,2693362,0.0,1.0,SNDL
2023-01-24,2.34,2.38,2.3,2.33,2.33,2394684,0.0,1.0,SNDL
2023-01-23,2.32,2.38,2.3,2.35,2.35,2354791,0.0,1.0,SNDL
2023-01-20,2.25,2.34,2.22,2.3,2.3,2550550,0.0,1.0,SNDL
2023-01-19,2.27,2.28,2.2,2.22,2.22,2391357,0.0,1.0,SNDL
2023-01-18,2.35,2.45,2.29,2.29,2.29,3262151,0.0,1.0,SNDL
2023-01-17,2.27,2.39,2.22,2.35,2.35,3987708,0.0,1.0,SNDL
2023-01-13,2.25,2.35,2.23,2.27,2.27,3021871,0.0,1.0,SNDL
2023-01-12,2.22,2.3,2.15,2.3,2.3,3795633,0.0,1.0,SNDL
2023-01-11,2.17,2.23,2.13,2.17,2.17,3069672,0.0,1.0,SNDL
2023-01-10,2.15,2.17,2.09,2.14,2.14,2362072,0.0,1.0,SNDL
2023-01-09,2.14,2.28,2.1,2.13,2.13,3954493,0.0,1.0,SNDL
2023-01-06,2.13,2.18,2.08,2.13,2.13,2380449,0.0,1.0,SNDL
2023-01-05,2.16,2.18,2.11,2.12,2.12,2210048,0.0,1.0,SNDL
2023-01-04,2.08,2.22,2.06,2.21,2.21,3299137,0.0,1.0,SNDL
2023-01-03,2.1,2.2,2.05,2.07,2.07,2913065,0.0,1.0,SNDL
2022-12-30,2.02,2.09,2.0,2.09,2.09,3062119,0.0,1.0,SNDL
2022-12-29,2.0,2.09,1.98,2.05,2.05,4384255,0.0,1.0,SNDL
2022-12-28,2.01,2.07,1.96,1.99,1.99,4727976,0.0,1.0,SNDL
2022-12-27,2.04,2.13,2.02,2.02,2.02,4678574,0.0,1.0,SNDL
2022-12-23,2.03,2.11,1.98,2.08,2.08,3173772,0.0,1.0,SNDL
2022-12-22,2.06,2.07,1.95,2.03,2.03,3839892,0.0,1.0,SNDL
2022-12-21,2.07,2.2,2.01,2.08,2.08,4402623,0.0,1.0,SNDL
2022-12-20,2.05,2.12,2.01,2.06,2.06,2777619,0.0,1.0,SNDL
2022-12-19,2.26,2.28,2.04,2.05,2.05,4515161,0.0,1.0,SNDL
2022-12-16,2.3,2.31,2.22,2.27,2.27,4014720,0.0,1.0,SNDL
2022-12-15,2.32,2.35,2.26,2.27,2.27,2130854,0.0,1.0,SNDL
2022-12-14,2.43,2.46,2.33,2.37,2.37,3111863,0.0,1.0,SNDL
2022-12-13,2.65,2.68,2.43,2.44,2.44,4643633,0.0,1.0,SNDL
2022-12-12,2.52,2.6,2.46,2.59,2.59,2609425,0.0,1.0,SNDL
2022-12-09,2.59,2.65,2.49,2.5,2.5,3474288,0.0,1.0,SNDL
2022-12-08,2.7,2.76,2.58,2.61,2.61,2623180,0.0,1.0,SNDL
2022-12-07,2.81,2.81,2.66,2.66,2.66,2469928,0.0,1.0,SNDL
2022-12-06,3.11,3.12,2.8,2.82,2.82,4163404,0.0,1.0,SNDL
2022-12-05,3.09,3.36,3.08,3.12,3.12,9169396,0.0,1.0,SNDL
2022-12-02,2.79,3.2,2.77,3.13,3.13,12218788,0.0,1.0,SNDL
2022-12-01,2.7,2.89,2.68,2.88,2.88,5665572,0.0,1.0,SNDL
2022-11-30,2.57,2.71,2.56,2.71,2.71,2984043,0.0,1.0,SNDL
2022-11-29,2.57,2.61,2.5,2.57,2.57,1928904,0.0,1.0,SNDL
2022-11-28,2.66,2.71,2.5,2.52,2.52,2687846,0.0,1.0,SNDL
2022-11-25,2.61,2.75,2.6,2.71,2.71,2056358,0.0,1.0,SNDL
2022-11-23,2.54,2.65,2.52,2.61,2.61,2112962,0.0,1.0,SNDL
2022-11-22,2.63,2.68,2.54,2.55,2.55,1932352,0.0,1.0,SNDL
2022-11-21,2.56,2.66,2.55,2.65,2.65,2588635,0.0,1.0,SNDL
2022-11-18,2.72,2.72,2.59,2.6,2.6,2852329,0.0,1.0,SNDL
2022-11-17,2.52,2.74,2.5,2.73,2.73,4637199,0.0,1.0,SNDL
2022-11-16,2.68,2.83,2.56,2.59,2.59,7169401,0.0,1.0,SNDL
2022-11-15,2.67,2.8,2.62,2.68,2.68,4812792,0.0,1.0,SNDL
2022-11-14,2.8,2.9,2.46,2.62,2.62,9949901,0.0,1.0,SNDL
2022-11-11,2.38,2.65,2.33,2.6,2.6,6298813,0.0,1.0,SNDL
2022-11-10,2.26,2.42,2.21,2.4,2.4,5157539,0.0,1.0,SNDL
2022-11-09,2.34,2.44,2.18,2.19,2.19,4945113,0.0,1.0,SNDL
2022-11-08,2.32,2.4,2.28,2.33,2.33,2847376,0.0,1.0,SNDL
2022-11-07,2.33,2.36,2.25,2.34,2.34,2683042,0.0,1.0,SNDL
2022-11-04,2.42,2.45,2.25,2.32,2.32,3007236,0.0,1.0,SNDL
2022-11-03,2.2,2.42,2.2,2.38,2.38,3598045,0.0,1.0,SNDL
2022-11-02,2.43,2.45,2.29,2.3,2.3,3223299,0.0,1.0,SNDL
2022-11-01,2.5,2.52,2.38,2.41,2.41,3010955,0.0,1.0,SNDL
2022-10-31,2.26,2.56,2.25,2.46,2.46,7449460,0.0,1.0,SNDL
2022-10-28,2.26,2.31,2.22,2.29,2.29,2091533,0.0,1.0,SNDL
2022-10-27,2.39,2.44,2.24,2.24,2.24,2700622,0.0,1.0,SNDL
2022-10-26,2.28,2.5,2.25,2.38,2.38,4285429,0.0,1.0,SNDL
2022-10-25,2.12,2.38,2.12,2.32,2.32,5825982,0.0,1.0,SNDL
2022-10-24,2.16,2.17,2.05,2.12,2.12,3300096,0.0,1.0,SNDL
2022-10-21,2.12,2.18,2.08,2.17,2.17,2095646,0.0,1.0,SNDL
2022-10-20,2.11,2.25,2.09,2.12,2.12,2398839,0.0,1.0,SNDL
2022-10-19,2.2,2.25,2.11,2.12,2.12,2587258,0.0,1.0,SNDL
2022-10-18,2.26,2.3,2.2,2.21,2.21,2523068,0.0,1.0,SNDL
2022-10-17,2.21,2.34,2.19,2.22,2.22,4364039,0.0,1.0,SNDL
2022-10-14,2.18,2.3,2.14,2.15,2.15,3129079,0.0,1.0,SNDL
2022-10-13,2.0,2.24,2.0,2.19,2.19,4277742,0.0,1.0,SNDL
2022-10-12,1.99,2.13,1.96,2.13,2.13,3731998,0.0,1.0,SNDL
2022-10-11,2.06,2.1,1.96,1.99,1.99,4760011,0.0,1.0,SNDL
2022-10-10,2.18,2.21,2.07,2.09,2.09,5278300,0.0,1.0,SNDL
2022-10-07,2.71,2.78,2.16,2.18,2.18,16905880,0.0,1.0,SNDL
2022-10-06,2.24,2.84,2.2,2.79,2.79,15208775,0.0,1.0,SNDL
2022-10-05,2.27,2.28,2.17,2.26,2.26,2564130,0.0,1.0,SNDL
2022-10-04,2.25,2.34,2.24,2.3,2.3,3093287,0.0,1.0,SNDL
2022-10-03,2.23,2.23,2.13,2.21,2.21,2270065,0.0,1.0,SNDL
2022-09-30,2.19,2.24,2.14,2.18,2.18,2332904,0.0,1.0,SNDL
2022-09-29,2.31,2.32,2.18,2.2,2.2,2669476,0.0,1.0,SNDL
2022-09-28,2.21,2.38,2.21,2.37,2.37,2401912,0.0,1.0,SNDL
2022-09-27,2.24,2.31,2.17,2.24,2.24,2784863,0.0,1.0,SNDL
2022-09-26,2.22,2.39,2.2,2.2,2.2,2466540,0.0,1.0,SNDL
2022-09-23,2.29,2.31,2.2,2.3,2.3,3849116,0.0,1.0,SNDL
2022-09-22,2.49,2.5,2.31,2.32,2.32,3471233,0.0,1.0,SNDL
2022-09-21,2.54,2.57,2.47,2.51,2.51,2341185,0.0,1.0,SNDL
2022-09-20,2.58,2.62,2.52,2.52,2.52,2292807,0.0,1.0,SNDL
2022-09-19,2.59,2.63,2.56,2.59,2.59,1892579,0.0,1.0,SNDL
2022-09-16,2.73,2.73,2.62,2.64,2.64,2495920,0.0,1.0,SNDL
2022-09-15,2.76,2.89,2.75,2.78,2.78,3229675,0.0,1.0,SNDL
2022-09-14,2.66,2.8,2.57,2.8,2.8,3094985,0.0,1.0,SNDL
2022-09-13,2.72,2.76,2.62,2.62,2.62,2451815,0.0,1.0,SNDL
2022-09-12,2.75,2.85,2.72,2.8,2.8,3003331,0.0,1.0,SNDL
2022-09-09,2.61,2.77,2.61,2.74,2.74,2532198,0.0,1.0,SNDL
2022-09-08,2.54,2.62,2.51,2.61,2.61,2657280,0.0,1.0,SNDL
2022-09-07,2.48,2.64,2.45,2.58,2.58,3169065,0.0,1.0,SNDL
2022-09-06,2.66,2.69,2.5,2.5,2.5,3449369,0.0,1.0,SNDL
2022-09-02,2.7,2.75,2.64,2.68,2.68,2871294,0.0,1.0,SNDL
2022-09-01,2.82,2.84,2.67,2.72,2.72,4642061,0.0,1.0,SNDL
2022-08-31,2.8,2.88,2.78,2.85,2.85,3361166,0.0,1.0,SNDL
2022-08-30,2.94,2.97,2.79,2.79,2.79,4339551,0.0,1.0,SNDL
2022-08-29,2.9,3.07,2.87,2.94,2.94,4411685,0.0,1.0,SNDL
2022-08-26,2.93,3.09,2.91,2.95,2.95,6559477,0.0,1.0,SNDL
2022-08-25,2.81,2.99,2.73,2.96,2.96,6721204,0.0,1.0,SNDL
2022-08-24,2.72,2.85,2.69,2.78,2.78,4914704,0.0,1.0,SNDL
2022-08-23,2.76,2.83,2.74,2.77,2.77,3574442,0.0,1.0,SNDL
2022-08-22,2.8,2.81,2.61,2.76,2.76,6226160,0.0,1.0,SNDL
2022-08-19,2.79,2.93,2.78,2.9,2.9,6368024,0.0,1.0,SNDL
2022-08-18,2.92,2.94,2.78,2.89,2.89,9596039,0.0,1.0,SNDL
2022-08-17,2.99,3.23,2.91,2.97,2.97,10446925,0.0,1.0,SNDL
2022-08-16,3.21,3.24,2.98,3.06,3.06,12165279,0.0,1.0,SNDL
2022-08-15,2.91,3.59,2.86,3.17,3.17,31655463,0.0,1.0,SNDL
2022-08-12,2.85,3.15,2.72,3.0,3.0,16161594,0.0,1.0,SNDL
2022-08-11,2.95,3.03,2.72,2.77,2.77,8397989,0.0,1.0,SNDL
2022-08-10,2.75,2.91,2.62,2.85,2.85,8146886,0.0,1.0,SNDL
2022-08-09,2.8,2.82,2.65,2.69,2.69,5660932,0.0,1.0,SNDL
2022-08-08,2.52,2.92,2.47,2.81,2.81,13009540,0.0,1.0,SNDL
2022-08-05,2.51,2.56,2.41,2.53,2.53,6244612,0.0,1.0,SNDL
2022-08-04,2.48,2.6,2.46,2.53,2.53,5375013,0.0,1.0,SNDL
2022-08-03,2.51,2.58,2.43,2.46,2.46,6131800,0.0,1.0,SNDL
2022-08-02,2.25,2.58,2.24,2.46,2.46,9973857,0.0,1.0,SNDL
2022-08-01,2.24,2.31,2.15,2.28,2.28,7639736,0.0,1.0,SNDL
2022-07-29,2.29,2.29,2.2,2.25,2.25,8633941,0.0,1.0,SNDL
2022-07-28,2.27,2.34,2.2,2.32,2.32,9625672,0.0,1.0,SNDL
2022-07-27,2.42,2.44,2.18,2.32,2.32,10612299,0.0,1.0,SNDL
2022-07-26,2.77,2.9,2.12,2.28,2.28,19787912,0.0,0.1,SNDL
2022-07-25,3.14,3.26,2.97,2.97,2.97,0,0.0,1.0,SNDL
2022-07-22,3.34,3.37,3.02,3.12,3.12,0,0.0,1.0,SNDL
2022-07-21,3.54,3.57,3.33,3.38,3.38,0,0.0,1.0,SNDL
2022-07-20,3.2,3.61,3.2,3.53,3.53,0,0.0,1.0,SNDL
2022-07-19,3.26,3.33,3.17,3.24,3.24,0,0.0,1.0,SNDL
2022-07-18,3.27,3.4,3.2,3.25,3.25,0,0.0,1.0,SNDL
2022-07-15,3.27,3.31,3.17,3.19,3.19,0,0.0,1.0,SNDL
2022-07-14,3.05,3.38,2.95,3.29,3.29,0,0.0,1.0,SNDL
2022-07-13,3.11,3.17,3.0,3.1,3.1,0,0.0,1.0,SNDL
2022-07-12,3.12,3.25,3.04,3.16,3.16,0,0.0,1.0,SNDL
2022-07-11,3.28,3.35,3.1,3.12,3.12,0,0.0,1.0,SNDL
2022-07-08,3.5,3.55,3.35,3.37,3.37,0,0.0,1.0,SNDL
2022-07-07,3.49,3.65,3.45,3.59,3.59,0,0.0,1.0,SNDL
2022-07-06,3.38,3.55,3.36,3.47,3.47,0,0.0,1.0,SNDL
2022-07-05,3.28,3.42,3.21,3.42,3.42,0,0.0,1.0,SNDL
2022-07-01,3.29,3.45,3.25,3.33,3.33,0,0.0,1.0,SNDL
2022-06-30,3.35,3.37,3.23,3.26,3.26,0,0.0,1.0,SNDL
2022-06-29,3.5,3.62,3.4,3.41,3.41,0,0.0,1.0,SNDL
2022-06-28,3.83,3.92,3.64,3.67,3.67,0,0.0,1.0,SNDL
2022-06-27,3.89,3.97,3.7,3.85,3.85,0,0.0,1.0,SNDL
2022-06-24,3.8,3.95,3.76,3.9,3.9,0,0.0,1.0,SNDL
2022-06-23,3.54,3.72,3.41,3.7,3.7,0,0.0,1.0,SNDL
2022-06-22,3.44,3.69,3.4,3.52,3.52,0,0.0,1.0,SNDL
2022-06-21,3.24,3.56,3.24,3.53,3.53,0,0.0,1.0,SNDL
2022-06-17,2.93,3.24,2.92,3.13,3.13,0,0.0,1.0,SNDL
2022-06-16,2.94,3.1,2.91,2.94,2.94,0,0.0,1.0,SNDL
2022-06-15,2.95,3.06,2.9,3.02,3.02,0,0.0,1.0,SNDL
2022-06-14,3.02,3.07,2.92,2.94,2.94,0,0.0,1.0,SNDL
2022-06-13,3.15,3.17,2.96,3.0,3.0,0,0.0,1.0,SNDL
2022-06-10,3.42,3.47,3.25,3.29,3.29,0,0.0,1.0,SNDL
2022-06-09,3.67,3.69,3.46,3.47,3.47,0,0.0,1.0,SNDL
2022-06-08,3.77,3.89,3.67,3.67,3.67,0,0.0,1.0,SNDL
2022-06-07,3.73,3.82,3.7,3.8,3.8,0,0.0,1.0,SNDL
2022-06-06,3.82,3.89,3.75,3.76,3.76,0,0.0,1.0,SNDL
2022-06-03,3.81,3.89,3.7,3.77,3.77,0,0.0,1.0,SNDL
2022-06-02,3.75,3.93,3.7,3.86,3.86,0,0.0,1.0,SNDL
2022-06-01,3.92,3.95,3.75,3.75,3.75,0,0.0,1.0,SNDL
2022-05-31,3.93,4.06,3.81,3.92,3.92,0,0.0,1.0,SNDL
2022-05-27,4.0,4.05,3.6,3.88,3.88,0,0.0,1.0,SNDL
2022-05-26,3.9,4.14,3.87,3.96,3.96,0,0.0,1.0,SNDL
2022-05-25,3.8,3.99,3.78,3.9,3.9,0,0.0,1.0,SNDL
2022-05-24,3.94,4.0,3.72,3.83,3.83,0,0.0,1.0,SNDL
2022-05-23,4.17,4.2,3.96,4.01,4.01,0,0.0,1.0,SNDL
2022-05-20,4.4,4.48,4.05,4.16,4.16,0,0.0,1.0,SNDL
2022-05-19,4.1,4.42,4.02,4.39,4.39,0,0.0,1.0,SNDL
2022-05-18,4.33,4.48,4.07,4.12,4.12,0,0.0,1.0,SNDL
2022-05-17,4.43,4.86,4.2,4.36,4.36,0,0.0,1.0,SNDL
2022-05-16,4.28,4.82,4.1,4.65,4.65,0,0.0,1.0,SNDL
2022-05-13,3.95,4.06,3.79,3.84,3.84,0,0.0,1.0,SNDL
2022-05-12,3.56,3.95,3.42,3.75,3.75,0,0.0,1.0,SNDL
2022-05-11,3.9,3.98,3.7,3.71,3.71,0,0.0,1.0,SNDL
2022-05-10,4.26,4.26,3.75,4.0,4.0,0,0.0,1.0,SNDL
2022-05-09,4.42,4.48,4.05,4.1,4.1,0,0.0,1.0,SNDL
2022-05-06,4.62,4.65,4.44,4.54,4.54,0,0.0,1.0,SNDL
2022-05-05,4.9,4.94,4.6,4.65,4.65,0,0.0,1.0,SNDL
2022-05-04,4.82,5.0,4.7,4.97,4.97,0,0.0,1.0,SNDL
2022-05-03,4.83,4.95,4.75,4.85,4.85,0,0.0,1.0,SNDL
2022-05-02,4.63,4.86,4.6,4.82,4.82,0,0.0,1.0,SNDL
2022-04-29,4.93,5.15,4.67,4.69,4.69,0,0.0,1.0,SNDL
2022-04-28,5.38,5.4,4.95,5.07,5.07,0,0.0,1.0,SNDL
2022-04-27,5.05,5.34,5.0,5.28,5.28,0,0.0,1.0,SNDL
2022-04-26,5.32,5.39,4.95,5.01,5.01,0,0.0,1.0,SNDL
2022-04-25,5.26,5.34,5.15,5.31,5.31,0,0.0,1.0,SNDL
2022-04-22,5.0,5.38,5.0,5.2,5.2,0,0.0,1.0,SNDL
2022-04-21,5.34,5.39,5.02,5.06,5.06,0,0.0,1.0,SNDL
2022-04-20,5.57,5.58,5.21,5.26,5.26,0,0.0,1.0,SNDL
2022-04-19,5.3,5.59,5.25,5.56,5.56,0,0.0,1.0,SNDL
2022-04-18,5.4,5.52,5.2,5.36,5.36,0,0.0,1.0,SNDL
2022-04-14,5.64,5.73,5.3,5.3,5.3,0,0.0,1.0,SNDL
2022-04-13,5.8,5.99,5.6,5.93,5.93,0,0.0,1.0,SNDL
2022-04-12,5.66,6.22,5.65,5.69,5.69,0,0.0,1.0,SNDL
2022-04-11,5.68,5.75,5.51,5.64,5.64,0,0.0,1.0,SNDL
2022-04-08,5.8,5.84,5.6,5.6,5.6,0,0.0,1.0,SNDL
2022-04-07,6.24,6.25,5.7,5.84,5.84,0,0.0,1.0,SNDL
2022-04-06,6.5,6.58,6.2,6.32,6.32,0,0.0,1.0,SNDL
2022-04-05,6.62,6.69,6.2,6.46,6.46,0,0.0,1.0,SNDL
2022-04-04,7.07,7.14,6.4,6.71,6.71,0,0.0,1.0,SNDL
2022-04-01,7.03,7.48,6.95,7.0,7.0,0,0.0,1.0,SNDL
2022-03-31,7.38,7.4,6.86,7.0,7.0,0,0.0,1.0,SNDL
2022-03-30,7.33,7.99,7.15,7.18,7.18,0,0.0,1.0,SNDL
2022-03-29,7.42,7.58,7.03,7.25,7.25,0,0.0,1.0,SNDL
2022-03-28,7.66,8.0,7.3,7.78,7.78,0,0.0,1.0,SNDL
2022-03-25,8.66,8.91,7.12,8.12,8.12,0,0.0,1.0,SNDL
2022-03-24,6.19,7.7,6.15,7.46,7.46,0,0.0,1.0,SNDL
2022-03-23,6.26,6.28,5.95,6.06,6.06,0,0.0,1.0,SNDL
2022-03-22,5.42,5.89,5.33,5.85,5.85,0,0.0,1.0,SNDL
2022-03-21,5.42,5.5,5.15,5.32,5.32,0,0.0,1.0,SNDL
2022-03-18,4.97,5.4,4.96,5.22,5.22,0,0.0,1.0,SNDL
2022-03-17,4.82,5.12,4.7,5.04,5.04,0,0.0,1.0,SNDL
2022-03-16,4.7,4.94,4.7,4.84,4.84,0,0.0,1.0,SNDL
2022-03-15,4.55,4.74,4.52,4.71,4.71,0,0.0,1.0,SNDL
2022-03-14,4.62,4.7,4.5,4.68,4.68,0,0.0,1.0,SNDL
2022-03-11,5.0,5.01,4.7,4.75,4.75,0,0.0,1.0,SNDL
2022-03-10,4.96,4.99,4.73,4.97,4.97,0,0.0,1.0,SNDL
2022-03-09,4.96,5.08,4.91,5.03,5.03,0,0.0,1.0,SNDL
2022-03-08,4.7,5.04,4.55,4.83,4.83,0,0.0,1.0,SNDL
2022-03-07,4.94,4.99,4.64,4.72,4.72,0,0.0,1.0,SNDL
2022-03-04,5.05,5.09,4.9,4.99,4.99,0,0.0,1.0,SNDL
2022-03-03,5.23,5.27,4.99,5.1,5.1,0,0.0,1.0,SNDL
2022-03-02,5.11,5.28,5.0,5.26,5.26,0,0.0,1.0,SNDL
2022-03-01,5.15,5.28,5.01,5.06,5.06,0,0.0,1.0,SNDL
2022-02-28,5.0,5.3,5.0,5.17,5.17,0,0.0,1.0,SNDL
2022-02-25,5.26,5.38,4.95,5.11,5.11,0,0.0,1.0,SNDL
2022-02-24,4.69,5.22,4.6,5.18,5.18,0,0.0,1.0,SNDL
2022-02-23,5.41,5.5,5.1,5.1,5.1,0,0.0,1.0,SNDL
2022-02-22,5.44,5.6,5.15,5.24,5.24,0,0.0,1.0,SNDL
2022-02-18,6.11,6.11,5.72,5.75,5.75,0,0.0,1.0,SNDL
2022-02-17,6.3,6.37,6.04,6.11,6.11,0,0.0,1.0,SNDL
2022-02-16,6.18,6.62,6.02,6.39,6.39,0,0.0,1.0,SNDL
2022-02-15,6.19,6.34,6.16,6.22,6.22,0,0.0,1.0,SNDL
2022-02-14,6.36,6.55,6.04,6.1,6.1,0,0.0,1.0,SNDL
2022-02-11,5.59,6.67,5.55,6.63,6.63,0,0.0,1.0,SNDL
2022-02-10,5.44,5.9,5.4,5.59,5.59,0,0.0,1.0,SNDL
2022-02-09,5.53,5.83,5.3,5.69,5.69,0,0.0,1.0,SNDL
2022-02-08,5.06,5.2,4.84,5.03,5.03,0,0.0,1.0,SNDL
2022-02-07,5.4,5.42,5.01,5.03,5.03,0,0.0,1.0,SNDL
2022-02-04,4.8,5.36,4.79,5.3,5.3,0,0.0,1.0,SNDL
2022-02-03,4.68,4.89,4.63,4.85,4.85,0,0.0,1.0,SNDL
2022-02-02,4.93,4.96,4.64,4.87,4.87,0,0.0,1.0,SNDL
2022-02-01,4.96,5.0,4.7,4.92,4.92,0,0.0,1.0,SNDL
2022-01-31,4.46,4.87,4.42,4.78,4.78,0,0.0,1.0,SNDL
2022-01-28,4.32,4.67,4.25,4.53,4.53,0,0.0,1.0,SNDL
2022-01-27,4.68,4.73,4.3,4.32,4.32,0,0.0,1.0,SNDL
2022-01-26,5.0,5.02,4.5,4.59,4.59,0,0.0,1.0,SNDL
2022-01-25,4.52,4.89,4.41,4.76,4.76,0,0.0,1.0,SNDL
2022-01-24,4.51,4.6,4.0,4.6,4.6,0,0.0,1.0,SNDL
2022-01-21,5.03,5.1,4.66,4.78,4.78,0,0.0,1.0,SNDL
2022-01-20,5.26,5.47,5.17,5.18,5.18,0,0.0,1.0,SNDL
2022-01-19,5.52,5.55,5.2,5.21,5.21,0,0.0,1.0,SNDL
2022-01-18,5.57,5.62,5.41,5.46,5.46,0,0.0,1.0,SNDL
2022-01-14,5.61,5.75,5.56,5.64,5.64,0,0.0,1.0,SNDL
2022-01-13,5.87,5.91,5.6,5.6,5.6,0,0.0,1.0,SNDL
2022-01-12,5.9,5.99,5.76,5.8,5.8,0,0.0,1.0,SNDL
2022-01-11,5.8,5.99,5.79,5.88,5.88,0,0.0,1.0,SNDL
2022-01-10,6.0,6.1,5.75,5.85,5.85,0,0.0,1.0,SNDL
2022-01-07,5.81,6.13,5.76,5.96,5.96,0,0.0,1.0,SNDL
2022-01-06,6.2,6.27,5.61,5.82,5.82,0,0.0,1.0,SNDL
2022-01-05,6.25,6.65,6.1,6.12,6.12,0,0.0,1.0,SNDL
2022-01-04,6.2,6.44,5.99,6.41,6.41,0,0.0,1.0,SNDL
2022-01-03,5.9,6.2,5.87,6.18,6.18,0,0.0,1.0,SNDL
2021-12-31,6.01,6.09,5.78,5.78,5.78,0,0.0,1.0,SNDL
2021-12-30,5.89,6.3,5.84,5.94,5.94,0,0.0,1.0,SNDL
2021-12-29,6.02,6.09,5.82,5.9,5.9,0,0.0,1.0,SNDL
2021-12-28,6.3,6.45,6.1,6.11,6.11,0,0.0,1.0,SNDL
2021-12-27,6.63,6.65,6.35,6.42,6.42,0,0.0,1.0,SNDL
2021-12-23,6.56,6.9,6.5,6.7,6.7,0,0.0,1.0,SNDL
2021-12-22,6.22,6.59,6.18,6.55,6.55,0,0.0,1.0,SNDL
2021-12-21,6.03,6.34,6.0,6.25,6.25,0,0.0,1.0,SNDL
2021-12-20,5.88,5.99,5.8,5.92,5.92,0,0.0,1.0,SNDL
2021-12-17,5.72,6.25,5.7,6.04,6.04,0,0.0,1.0,SNDL
2021-12-16,5.72,5.89,5.57,5.88,5.88,0,0.0,1.0,SNDL
2021-12-15,5.6,5.64,5.26,5.6,5.6,0,0.0,1.0,SNDL
2021-12-14,5.57,5.7,5.5,5.62,5.62,0,0.0,1.0,SNDL
2021-12-13,5.81,5.81,5.56,5.7,5.7,0,0.0,1.0,SNDL
2021-12-10,6.04,6.05,5.75,5.86,5.86,0,0.0,1.0,SNDL
2021-12-09,6.12,6.3,5.95,5.97,5.97,0,0.0,1.0,SNDL
2021-12-08,6.1,6.4,5.97,6.16,6.16,0,0.0,1.0,SNDL
2021-12-07,5.86,6.14,5.86,5.98,5.98,0,0.0,1.0,SNDL
2021-12-06,5.54,5.84,5.3,5.74,5.74,0,0.0,1.0,SNDL
2021-12-03,5.99,6.0,5.51,5.64,5.64,0,0.0,1.0,SNDL
2021-12-02,5.77,6.05,5.7,5.92,5.92,0,0.0,1.0,SNDL
2021-12-01,6.32,6.38,5.58,5.66,5.66,0,0.0,1.0,SNDL
2021-11-30,6.34,6.41,6.01,6.22,6.22,0,0.0,1.0,SNDL
2021-11-29,6.59,6.65,6.35,6.35,6.35,0,0.0,1.0,SNDL
2021-11-26,6.5,6.68,6.4,6.54,6.54,0,0.0,1.0,SNDL
2021-11-24,6.7,6.89,6.55,6.76,6.76,0,0.0,1.0,SNDL
2021-11-23,6.82,7.05,6.61,6.72,6.72,0,0.0,1.0,SNDL
2021-11-22,7.23,7.25,6.7,6.9,6.9,0,0.0,1.0,SNDL
2021-11-19,7.59,7.76,7.2,7.31,7.31,0,0.0,1.0,SNDL
2021-11-18,7.97,7.97,7.35,7.45,7.45,0,0.0,1.0,SNDL
2021-11-17,8.24,8.34,7.82,7.94,7.94,0,0.0,1.0,SNDL
2021-11-16,8.15,8.58,7.82,8.35,8.35,0,0.0,1.0,SNDL
2021-11-15,9.0,9.49,8.3,8.3,8.3,0,0.0,1.0,SNDL
2021-11-12,9.15,9.6,8.0,9.2,9.2,0,0.0,1.0,SNDL
2021-11-11,6.85,7.29,6.84,7.2,7.2,0,0.0,1.0,SNDL
2021-11-10,7.03,7.11,6.74,6.78,6.78,0,0.0,1.0,SNDL
2021-11-09,6.94,7.3,6.62,7.2,7.2,0,0.0,1.0,SNDL
2021-11-08,6.48,7.06,6.47,7.0,7.0,0,0.0,1.0,SNDL
2021-11-05,6.54,6.61,6.3,6.43,6.43,0,0.0,1.0,SNDL
2021-11-04,6.65,6.74,6.5,6.53,6.53,0,0.0,1.0,SNDL
2021-11-03,6.54,6.76,6.48,6.59,6.59,0,0.0,1.0,SNDL
2021-11-02,6.64,6.65,6.5,6.51,6.51,0,0.0,1.0,SNDL
2021-11-01,6.55,6.8,6.5,6.57,6.57,0,0.0,1.0,SNDL
2021-10-29,6.56,6.65,6.5,6.5,6.5,0,0.0,1.0,SNDL
2021-10-28,6.54,6.65,6.52,6.61,6.61,0,0.0,1.0,SNDL
2021-10-27,6.66,6.83,6.51,6.52,6.52,0,0.0,1.0,SNDL
2021-10-26,6.68,6.75,6.57,6.65,6.65,0,0.0,1.0,SNDL
2021-10-25,6.59,6.79,6.51,6.65,6.65,0,0.0,1.0,SNDL
2021-10-22,6.85,6.94,6.52,6.6,6.6,0,0.0,1.0,SNDL
2021-10-21,6.72,7.57,6.7,6.98,6.98,0,0.0,1.0,SNDL
2021-10-20,6.77,6.95,6.64,6.8,6.8,0,0.0,1.0,SNDL
2021-10-19,6.52,7.1,6.44,6.89,6.89,0,0.0,1.0,SNDL
2021-10-18,6.55,6.56,6.43,6.51,6.51,0,0.0,1.0,SNDL
2021-10-15,6.72,6.72,6.55,6.56,6.56,0,0.0,1.0,SNDL
2021-10-14,6.65,6.86,6.6,6.64,6.64,0,0.0,1.0,SNDL
2021-10-13,6.67,6.73,6.5,6.62,6.62,0,0.0,1.0,SNDL
2021-10-12,6.73,6.89,6.6,6.63,6.63,0,0.0,1.0,SNDL
2021-10-11,6.74,7.1,6.71,6.75,6.75,0,0.0,1.0,SNDL
2021-10-08,7.4,7.45,6.71,6.8,6.8,0,0.0,1.0,SNDL
2021-10-07,6.4,6.57,6.31,6.48,6.48,0,0.0,1.0,SNDL
2021-10-06,6.32,6.44,6.11,6.34,6.34,0,0.0,1.0,SNDL
2021-10-05,6.33,6.55,6.3,6.41,6.41,0,0.0,1.0,SNDL
2021-10-04,6.67,6.72,6.3,6.3,6.3,0,0.0,1.0,SNDL
2021-10-01,6.83,6.83,6.55,6.7,6.7,0,0.0,1.0,SNDL
2021-09-30,6.83,7.02,6.7,6.78,6.78,0,0.0,1.0,SNDL
2021-09-29,6.92,7.02,6.75,6.76,6.76,0,0.0,1.0,SNDL
2021-09-28,7.09,7.39,6.85,6.86,6.86,0,0.0,1.0,SNDL
2021-09-27,6.78,7.39,6.7,7.28,7.28,0,0.0,1.0,SNDL
2021-09-24,6.94,6.98,6.7,6.73,6.73,0,0.0,1.0,SNDL
2021-09-23,7.2,7.21,6.9,7.02,7.02,0,0.0,1.0,SNDL
2021-09-22,6.99,7.08,6.9,6.97,6.97,0,0.0,1.0,SNDL
2021-09-21,6.99,7.15,6.9,6.92,6.92,0,0.0,1.0,SNDL
2021-09-20,7.02,7.09,6.8,6.84,6.84,0,0.0,1.0,SNDL
2021-09-17,7.18,7.25,7.05,7.25,7.25,0,0.0,1.0,SNDL
2021-09-16,7.24,7.25,7.1,7.19,7.19,0,0.0,1.0,SNDL
2021-09-15,7.2,7.32,7.1,7.3,7.3,0,0.0,1.0,SNDL
2021-09-14,7.43,7.54,7.05,7.1,7.1,0,0.0,1.0,SNDL
2021-09-13,7.22,7.58,7.01,7.42,7.42,0,0.0,1.0,SNDL
2021-09-10,7.4,7.4,7.2,7.22,7.22,0,0.0,1.0,SNDL
2021-09-09,7.29,7.45,7.26,7.34,7.34,0,0.0,1.0,SNDL
2021-09-08,7.54,7.54,7.17,7.32,7.32,0,0.0,1.0,SNDL
2021-09-07,7.79,7.8,7.51,7.54,7.54,0,0.0,1.0,SNDL
2021-09-03,7.98,8.0,7.71,7.75,7.75,0,0.0,1.0,SNDL
2021-09-02,7.69,8.1,7.6,7.99,7.99,0,0.0,1.0,SNDL
2021-09-01,7.78,8.08,7.6,7.69,7.69,0,0.0,1.0,SNDL
2021-08-31,7.4,7.92,7.32,7.8,7.8,0,0.0,1.0,SNDL
2021-08-30,7.61,7.62,7.3,7.46,7.46,0,0.0,1.0,SNDL
2021-08-27,7.48,7.7,7.4,7.62,7.62,0,0.0,1.0,SNDL
2021-08-26,7.68,7.88,7.4,7.4,7.4,0,0.0,1.0,SNDL
2021-08-25,7.64,7.89,7.5,7.76,7.76,0,0.0,1.0,SNDL
2021-08-24,7.28,7.8,7.21,7.7,7.7,0,0.0,1.0,SNDL
2021-08-23,7.09,7.35,6.99,7.24,7.24,0,0.0,1.0,SNDL
2021-08-20,7.02,7.07,6.86,6.97,6.97,0,0.0,1.0,SNDL
2021-08-19,7.16,7.22,6.91,7.0,7.0,0,0.0,1.0,SNDL
2021-08-18,7.23,7.45,7.15,7.25,7.25,0,0.0,1.0,SNDL
2021-08-17,7.17,7.59,7.05,7.13,7.13,0,0.0,1.0,SNDL
2021-08-16,7.65,7.73,7.12,7.33,7.33,0,0.0,1.0,SNDL
2021-08-13,7.96,7.98,7.5,7.5,7.5,0,0.0,1.0,SNDL
2021-08-12,8.1,8.29,7.93,8.26,8.26,0,0.0,1.0,SNDL
2021-08-11,8.16,8.18,7.91,8.07,8.07,0,0.0,1.0,SNDL
2021-08-10,8.3,8.47,8.07,8.15,8.15,0,0.0,1.0,SNDL
2021-08-09,8.01,8.4,7.9,8.32,8.32,0,0.0,1.0,SNDL
2021-08-06,8.17,8.18,7.9,8.05,8.05,0,0.0,1.0,SNDL
2021-08-05,7.94,8.28,7.9,8.2,8.2,0,0.0,1.0,SNDL
2021-08-04,8.03,8.06,7.8,7.81,7.81,0,0.0,1.0,SNDL
2021-08-03,8.19,8.2,7.92,8.15,8.15,0,0.0,1.0,SNDL
2021-08-02,8.33,8.35,8.1,8.14,8.14,0,0.0,1.0,SNDL
2021-07-30,8.18,8.48,8.1,8.25,8.25,0,0.0,1.0,SNDL
2021-07-29,8.8,8.8,8.23,8.23,8.23,0,0.0,1.0,SNDL
2021-07-28,8.1,8.87,8.1,8.5,8.5,0,0.0,1.0,SNDL
2021-07-27,8.06,8.3,7.69,7.86,7.86,0,0.0,1.0,SNDL
2021-07-26,7.97,8.2,7.9,8.18,8.18,0,0.0,1.0,SNDL
2021-07-23,8.27,8.33,7.95,7.97,7.97,0,0.0,1.0,SNDL
2021-07-22,8.73,8.79,8.2,8.25,8.25,0,0.0,1.0,SNDL
2021-07-21,8.51,8.89,8.48,8.7,8.7,0,0.0,1.0,SNDL
2021-07-20,8.21,8.48,7.87,8.4,8.4,0,0.0,1.0,SNDL
2021-07-19,7.8,8.23,7.8,8.09,8.09,0,0.0,1.0,SNDL
2021-07-16,8.29,8.39,8.0,8.12,8.12,0,0.0,1.0,SNDL
2021-07-15,8.43,8.65,8.0,8.17,8.17,0,0.0,1.0,SNDL
2021-07-14,9.02,9.06,8.37,8.4,8.4,0,0.0,1.0,SNDL
2021-07-13,8.67,9.3,8.65,8.75,8.75,0,0.0,1.0,SNDL
2021-07-12,8.91,8.91,8.61,8.65,8.65,0,0.0,1.0,SNDL
2021-07-09,9.05,9.09,8.8,8.91,8.91,0,0.0,1.0,SNDL
2021-07-08,8.87,9.45,8.8,8.93,8.93,0,0.0,1.0,SNDL
2021-07-07,8.96,9.6,8.3,9.58,9.58,0,0.0,1.0,SNDL
2021-07-06,9.1,9.15,8.88,8.9,8.9,0,0.0,1.0,SNDL
2021-07-02,9.24,9.27,8.91,9.0,9.0,0,0.0,1.0,SNDL
2021-07-01,9.44,9.45,9.06,9.2,9.2,0,0.0,1.0,SNDL
2021-06-30,9.54,9.75,9.2,9.49,9.49,0,0.0,1.0,SNDL
2021-06-29,9.9,10.0,9.4,9.5,9.5,0,0.0,1.0,SNDL
2021-06-28,9.8,10.2,9.72,9.79,9.79,0,0.0,1.0,SNDL
2021-06-25,10.05,10.11,9.65,9.7,9.7,0,0.0,1.0,SNDL
2021-06-24,10.5,10.6,10.0,10.0,10.0,0,0.0,1.0,SNDL
2021-06-23,9.12,10.4,9.1,10.0,10.0,0,0.0,1.0,SNDL
2021-06-22,8.91,9.07,8.78,8.92,8.92,0,0.0,1.0,SNDL
2021-06-21,9.23,9.25,8.7,9.13,9.13,0,0.0,1.0,SNDL
2021-06-18,9.59,9.65,9.1,9.23,9.23,0,0.0,1.0,SNDL
2021-06-17,9.69,9.85,9.52,9.6,9.6,0,0.0,1.0,SNDL
2021-06-16,9.89,9.98,9.26,9.9,9.9,0,0.0,1.0,SNDL
2021-06-15,10.6,10.6,10.0,10.0,10.0,0,0.0,1.0,SNDL
2021-06-14,10.6,11.2,10.5,10.6,10.6,0,0.0,1.0,SNDL
2021-06-11,10.6,10.8,10.4,10.5,10.5,0,0.0,1.0,SNDL
2021-06-10,11.4,11.5,10.3,10.3,10.3,0,0.0,1.0,SNDL
2021-06-09,11.7,12.5,11.1,11.4,11.4,0,0.0,1.0,SNDL
2021-06-08,12.2,12.2,11.1,11.6,11.6,0,0.0,1.0,SNDL
2021-06-07,11.5,12.2,11.3,11.6,11.6,0,0.0,1.0,SNDL
2021-06-04,13.3,13.8,10.9,10.9,10.9,0,0.0,1.0,SNDL
2021-06-03,13.75,14.9,12.3,12.9,12.9,0,0.0,1.0,SNDL
2021-06-02,10.2,11.5,10.2,11.3,11.3,0,0.0,1.0,SNDL
2021-06-01,10.3,10.8,9.8,10.0,10.0,0,0.0,1.0,SNDL
2021-05-28,8.65,10.4,8.6,9.7,9.7,0,0.0,1.0,SNDL
2021-05-27,9.1,9.4,8.23,8.45,8.45,0,0.0,1.0,SNDL
2021-05-26,7.65,8.59,7.42,8.57,8.57,0,0.0,1.0,SNDL
2021-05-25,7.26,7.61,7.25,7.58,7.58,0,0.0,1.0,SNDL
2021-05-24,7.54,7.55,7.15,7.18,7.18,0,0.0,1.0,SNDL
2021-05-21,7.87,7.89,7.5,7.55,7.55,0,0.0,1.0,SNDL
2021-05-20,7.35,7.75,7.26,7.74,7.74,0,0.0,1.0,SNDL
2021-05-19,7.44,7.58,7.2,7.28,7.28,0,0.0,1.0,SNDL
2021-05-18,7.61,7.94,7.6,7.9,7.9,0,0.0,1.0,SNDL
2021-05-17,7.01,7.6,6.94,7.55,7.55,0,0.0,1.0,SNDL
2021-05-14,7.01,7.19,6.85,7.07,7.07,0,0.0,1.0,SNDL
2021-05-13,7.36,7.45,6.5,6.9,6.9,0,0.0,1.0,SNDL
2021-05-12,7.83,8.09,7.02,7.03,7.03,0,0.0,1.0,SNDL
2021-05-11,7.0,7.68,6.93,7.4,7.4,0,0.0,1.0,SNDL
2021-05-10,7.73,7.98,7.3,7.32,7.32,0,0.0,1.0,SNDL
2021-05-07,7.39,7.9,7.21,7.66,7.66,0,0.0,1.0,SNDL
2021-05-06,7.63,7.7,7.0,7.13,7.13,0,0.0,1.0,SNDL
2021-05-05,8.26,8.27,7.73,7.8,7.8,0,0.0,1.0,SNDL
2021-05-04,8.22,8.48,7.72,7.9,7.9,0,0.0,1.0,SNDL
2021-05-03,8.76,8.83,8.2,8.28,8.28,0,0.0,1.0,SNDL
2021-04-30,8.86,9.1,8.61,8.64,8.64,0,0.0,1.0,SNDL
2021-04-29,9.41,9.79,8.62,8.98,8.98,0,0.0,1.0,SNDL
2021-04-28,9.01,9.5,8.99,9.4,9.4,0,0.0,1.0,SNDL
2021-04-27,8.92,9.5,8.8,8.95,8.95,0,0.0,1.0,SNDL
2021-04-26,8.59,9.0,8.46,8.71,8.71,0,0.0,1.0,SNDL
2021-04-23,8.5,8.7,8.35,8.35,8.35,0,0.0,1.0,SNDL
2021-04-22,8.72,8.95,8.3,8.34,8.34,0,0.0,1.0,SNDL
2021-04-21,8.37,8.97,8.02,8.69,8.69,0,0.0,1.0,SNDL
2021-04-20,10.3,10.3,8.33,8.42,8.42,0,0.0,1.0,SNDL
2021-04-19,8.2,9.85,8.16,9.4,9.4,0,0.0,1.0,SNDL
2021-04-16,8.23,8.54,7.6,8.47,8.47,0,0.0,1.0,SNDL
2021-04-15,9.08,9.44,8.36,8.52,8.52,0,0.0,1.0,SNDL
2021-04-14,9.6,9.64,9.0,9.0,9.0,0,0.0,1.0,SNDL
2021-04-13,9.12,9.86,8.82,9.8,9.8,0,0.0,1.0,SNDL
2021-04-12,9.83,9.9,9.3,9.3,9.3,0,0.0,1.0,SNDL
2021-04-09,10.05,10.9,10.0,10.0,10.0,0,0.0,1.0,SNDL
2021-04-08,9.96,10.2,9.12,10.1,10.1,0,0.0,1.0,SNDL
2021-04-07,10.25,10.3,9.8,10.0,10.0,0,0.0,1.0,SNDL
2021-04-06,10.55,10.6,10.1,10.2,10.2,0,0.0,1.0,SNDL
2021-04-05,11.2,11.2,10.6,10.7,10.7,0,0.0,1.0,SNDL
2021-04-01,11.6,11.7,11.0,11.0,11.0,0,0.0,1.0,SNDL
2021-03-31,11.8,12.1,11.2,11.3,11.3,0,0.0,1.0,SNDL
2021-03-30,11.1,11.6,10.7,11.4,11.4,0,0.0,1.0,SNDL
2021-03-29,11.6,12.0,11.0,11.2,11.2,0,0.0,1.0,SNDL
2021-03-26,12.3,12.4,11.0,11.3,11.3,0,0.0,1.0,SNDL
2021-03-25,10.7,12.2,10.6,12.2,12.2,0,0.0,1.0,SNDL
2021-03-24,12.2,12.7,11.2,11.25,11.25,0,0.0,1.0,SNDL
2021-03-23,12.5,12.9,11.6,12.1,12.1,0,0.0,1.0,SNDL
2021-03-22,14.15,14.6,12.8,13.0,13.0,0,0.0,1.0,SNDL
2021-03-19,14.6,15.3,14.0,14.9,14.9,0,0.0,1.0,SNDL
2021-03-18,16.2,16.8,14.4,14.6,14.6,0,0.0,1.0,SNDL
2021-03-17,14.1,15.9,13.8,15.4,15.4,0,0.0,1.0,SNDL
2021-03-16,17.45,17.5,14.5,15.1,15.1,0,0.0,1.0,SNDL
2021-03-15,14.3,16.5,14.3,16.2,16.2,0,0.0,1.0,SNDL
2021-03-12,13.4,14.6,13.2,14.2,14.2,0,0.0,1.0,SNDL
2021-03-11,13.35,14.2,13.1,14.2,14.2,0,0.0,1.0,SNDL
2021-03-10,14.4,14.7,12.5,13.1,13.1,0,0.0,1.0,SNDL
2021-03-09,12.49,14.5,11.9,13.9,13.9,0,0.0,1.0,SNDL
2021-03-08,11.4,12.2,10.9,11.8,11.8,0,0.0,1.0,SNDL
2021-03-05,11.8,11.8,9.25,11.35,11.35,0,0.0,1.0,SNDL
2021-03-04,12.3,12.9,10.8,11.6,11.6,0,0.0,1.0,SNDL
2021-03-03,13.7,14.1,12.6,13.0,13.0,0,0.0,1.0,SNDL
2021-03-02,13.75,15.3,13.4,13.8,13.8,0,0.0,1.0,SNDL
2021-03-01,14.1,14.4,13.3,13.5,13.5,0,0.0,1.0,SNDL
2021-02-26,13.9,14.9,13.1,13.3,13.3,0,0.0,1.0,SNDL
2021-02-25,15.4,16.4,13.6,13.7,13.7,0,0.0,1.0,SNDL
2021-02-24,13.2,14.7,12.8,14.5,14.5,0,0.0,1.0,SNDL
2021-02-23,12.9,13.3,11.0,12.6,12.6,0,0.0,1.0,SNDL
2021-02-22,14.25,16.0,14.0,14.3,14.3,0,0.0,1.0,SNDL
2021-02-19,13.7,17.1,12.2,15.3,15.3,0,0.0,1.0,SNDL
2021-02-18,17.3,18.3,14.1,14.5,14.5,0,0.0,1.0,SNDL
2021-02-17,19.4,19.6,17.1,17.2,17.2,0,0.0,1.0,SNDL
2021-02-16,22.4,22.5,20.2,21.9,21.9,0,0.0,1.0,SNDL
2021-02-12,19.3,23.0,17.8,20.8,20.8,0,0.0,1.0,SNDL
2021-02-11,39.6,39.6,21.5,23.8,23.8,0,0.0,1.0,SNDL
2021-02-10,22.1,30.4,19.3,29.5,29.5,0,0.0,1.0,SNDL
2021-02-09,13.9,17.5,13.3,16.5,16.5,0,0.0,1.0,SNDL
2021-02-08,11.5,12.8,11.1,12.8,12.8,0,0.0,1.0,SNDL
2021-02-05,11.9,12.0,11.0,11.3,11.3,0,0.0,1.0,SNDL
2021-02-04,12.5,13.0,11.0,11.5,11.5,0,0.0,1.0,SNDL
2021-02-03,11.8,13.3,11.3,12.1,12.1,0,0.0,1.0,SNDL
2021-02-02,10.8,11.4,9.3,10.4,10.4,0,0.0,1.0,SNDL
2021-02-01,10.0,12.5,9.02,12.1,12.1,0,0.0,1.0,SNDL
2021-01-29,8.32,9.0,7.21,8.15,8.15,0,0.0,1.0,SNDL
2021-01-28,9.58,13.6,6.52,8.25,8.25,0,0.0,1.0,SNDL
2021-01-27,5.05,6.95,4.95,6.01,6.01,0,0.0,1.0,SNDL
2021-01-26,6.05,6.18,5.5,5.6,5.6,0,0.0,1.0,SNDL
2021-01-25,6.33,6.35,5.51,6.0,6.0,0,0.0,1.0,SNDL
2021-01-22,6.41,6.47,6.11,6.45,6.45,0,0.0,1.0,SNDL
2021-01-21,6.77,6.85,6.5,6.61,6.61,0,0.0,1.0,SNDL
2021-01-20,7.09,7.28,6.61,6.81,6.81,0,0.0,1.0,SNDL
2021-01-19,6.76,7.13,6.6,6.9,6.9,0,0.0,1.0,SNDL
2021-01-15,7.43,7.88,7.0,7.14,7.14,0,0.0,1.0,SNDL
2021-01-14,6.7,7.04,6.67,6.9,6.9,0,0.0,1.0,SNDL
2021-01-13,6.6,6.94,6.4,6.58,6.58,0,0.0,1.0,SNDL
2021-01-12,7.1,7.16,6.42,6.68,6.68,0,0.0,1.0,SNDL
2021-01-11,7.35,7.9,6.9,7.09,7.09,0,0.0,1.0,SNDL
2021-01-08,6.85,7.2,6.45,6.82,6.82,0,0.0,1.0,SNDL
2021-01-07,6.54,7.45,6.3,6.85,6.85,0,0.0,1.0,SNDL
2021-01-06,6.57,6.99,5.8,6.05,6.05,0,0.0,1.0,SNDL
2021-01-05,5.47,5.8,5.0,5.4,5.4,0,0.0,1.0,SNDL
2021-01-04,4.84,5.5,4.7,5.5,5.5,0,0.0,1.0,SNDL
2020-12-31,4.78,4.81,4.65,4.74,4.74,0,0.0,1.0,SNDL
2020-12-30,4.71,5.0,4.58,4.85,4.85,0,0.0,1.0,SNDL
2020-12-29,4.77,4.79,4.5,4.62,4.62,0,0.0,1.0,SNDL
2020-12-28,4.97,4.97,4.72,4.76,4.76,0,0.0,1.0,SNDL
2020-12-24,4.91,4.98,4.65,4.73,4.73,0,0.0,1.0,SNDL
2020-12-23,4.7,5.3,4.51,5.0,5.0,0,0.0,1.0,SNDL
2020-12-22,5.32,5.34,4.73,4.8,4.8,0,0.0,1.0,SNDL
2020-12-21,4.55,6.01,4.5,5.06,5.06,0,0.0,1.0,SNDL
2020-12-18,4.35,4.43,4.21,4.36,4.36,0,0.0,1.0,SNDL
2020-12-17,4.7,4.7,4.3,4.39,4.39,0,0.0,1.0,SNDL
2020-12-16,5.01,5.01,4.75,4.79,4.79,0,0.0,1.0,SNDL
2020-12-15,5.12,5.12,4.85,5.0,5.0,0,0.0,1.0,SNDL
2020-12-14,5.24,5.24,4.85,5.13,5.13,0,0.0,1.0,SNDL
2020-12-11,5.29,5.43,4.85,5.07,5.07,0,0.0,1.0,SNDL
2020-12-10,4.72,4.9,4.51,4.75,4.75,0,0.0,1.0,SNDL
2020-12-09,5.37,5.54,4.65,4.9,4.9,0,0.0,1.0,SNDL
2020-12-08,4.67,5.97,4.6,5.11,5.11,0,0.0,1.0,SNDL
2020-12-07,6.05,6.15,5.01,5.24,5.24,0,0.0,1.0,SNDL
2020-12-04,6.95,7.96,6.52,6.64,6.64,0,0.0,1.0,SNDL
2020-12-03,7.71,8.2,7.26,7.73,7.73,0,0.0,1.0,SNDL
2020-12-02,7.17,8.25,6.65,8.08,8.08,0,0.0,1.0,SNDL
2020-12-01,9.12,9.5,5.83,6.52,6.52,0,0.0,1.0,SNDL
2020-11-30,4.93,8.6,4.55,7.29,7.29,0,0.0,1.0,SNDL
2020-11-27,3.0,3.99,3.0,3.72,3.72,0,0.0,1.0,SNDL
2020-11-25,2.83,2.9,2.67,2.8,2.8,0,0.0,1.0,SNDL
2020-11-24,3.46,3.5,2.92,3.01,3.01,0,0.0,1.0,SNDL
2020-11-23,2.52,2.53,2.4,2.41,2.41,0,0.0,1.0,SNDL
2020-11-20,2.6,2.7,2.41,2.54,2.54,0,0.0,1.0,SNDL
2020-11-19,2.78,2.88,2.57,2.63,2.63,0,0.0,1.0,SNDL
2020-11-18,2.47,2.74,2.42,2.59,2.59,0,0.0,1.0,SNDL
2020-11-17,2.42,2.59,2.36,2.5,2.5,0,0.0,1.0,SNDL
2020-11-16,2.75,2.75,2.51,2.62,2.62,0,0.0,1.0,SNDL
2020-11-13,2.97,3.15,2.71,2.8,2.8,0,0.0,1.0,SNDL
2020-11-12,3.45,3.72,2.7,2.84,2.84,0,0.0,1.0,SNDL
2020-11-11,3.8,4.29,3.6,3.86,3.86,0,0.0,1.0,SNDL
2020-11-10,4.1,4.5,3.3,4.38,4.38,0,0.0,1.0,SNDL
2020-11-09,5.89,6.0,3.61,4.58,4.58,0,0.0,1.0,SNDL
2020-11-06,2.8,5.4,2.48,2.5,2.5,0,0.0,1.0,SNDL
2020-11-05,1.9,2.3,1.84,2.2,2.2,0,0.0,1.0,SNDL
2020-11-04,1.9,1.91,1.66,1.73,1.73,0,0.0,1.0,SNDL
2020-11-03,2.02,2.05,1.76,1.86,1.86,0,0.0,1.0,SNDL
2020-11-02,1.45,1.78,1.45,1.65,1.65,0,0.0,1.0,SNDL
2020-10-30,1.51,1.55,1.38,1.44,1.44,0,0.0,1.0,SNDL
2020-10-29,1.64,1.64,1.45,1.58,1.58,0,0.0,1.0,SNDL
2020-10-28,1.66,1.7,1.6,1.61,1.61,0,0.0,1.0,SNDL
2020-10-27,1.72,1.8,1.65,1.7,1.7,0,0.0,1.0,SNDL
2020-10-26,1.85,1.85,1.71,1.74,1.74,0,0.0,1.0,SNDL
2020-10-23,1.83,1.85,1.72,1.76,1.76,0,0.0,1.0,SNDL
2020-10-22,1.73,1.75,1.65,1.75,1.75,0,0.0,1.0,SNDL
2020-10-21,1.87,1.87,1.7,1.72,1.72,0,0.0,1.0,SNDL
2020-10-20,1.96,1.96,1.78,1.84,1.84,0,0.0,1.0,SNDL
2020-10-19,1.92,1.98,1.88,1.93,1.93,0,0.0,1.0,SNDL
2020-10-16,1.9,1.91,1.89,1.9,1.9,0,0.0,1.0,SNDL
2020-10-15,2.0,2.0,1.88,1.91,1.91,0,0.0,1.0,SNDL
2020-10-14,2.07,2.1,1.96,2.02,2.02,0,0.0,1.0,SNDL
2020-10-13,2.21,2.22,2.01,2.13,2.13,0,0.0,1.0,SNDL
2020-10-12,2.2,2.37,2.17,2.23,2.23,0,0.0,1.0,SNDL
2020-10-09,2.35,2.4,2.16,2.22,2.22,0,0.0,1.0,SNDL
2020-10-08,2.19,2.25,2.15,2.22,2.22,0,0.0,1.0,SNDL
2020-10-07,2.31,2.31,2.16,2.2,2.2,0,0.0,1.0,SNDL
2020-10-06,2.34,2.35,2.13,2.2,2.2,0,0.0,1.0,SNDL
2020-10-05,2.55,2.7,2.31,2.39,2.39,0,0.0,1.0,SNDL
2020-10-02,2.3,2.7,2.2,2.46,2.46,0,0.0,1.0,SNDL
2020-10-01,2.6,3.28,2.43,2.6,2.6,0,0.0,1.0,SNDL
2020-09-30,2.0,2.56,1.96,2.41,2.41,0,0.0,1.0,SNDL
2020-09-29,1.88,1.94,1.8,1.9,1.9,0,0.0,1.0,SNDL
2020-09-28,1.94,2.13,1.8,1.93,1.93,0,0.0,1.0,SNDL
2020-09-25,1.9,1.94,1.79,1.82,1.82,0,0.0,1.0,SNDL
2020-09-24,2.0,2.0,1.65,1.88,1.88,0,0.0,1.0,SNDL
2020-09-23,2.26,2.26,2.03,2.09,2.09,0,0.0,1.0,SNDL
2020-09-22,2.35,2.37,2.2,2.27,2.27,0,0.0,1.0,SNDL
2020-09-21,2.64,2.64,2.26,2.36,2.36,0,0.0,1.0,SNDL
2020-09-18,2.65,2.65,2.45,2.64,2.64,0,0.0,1.0,SNDL
2020-09-17,2.75,2.75,2.6,2.64,2.64,0,0.0,1.0,SNDL
2020-09-16,2.65,3.0,2.6,2.76,2.76,0,0.0,1.0,SNDL
2020-09-15,2.86,2.86,2.5,2.7,2.7,0,0.0,1.0,SNDL
2020-09-14,2.9,2.91,2.73,2.82,2.82,0,0.0,1.0,SNDL
2020-09-11,2.92,3.02,2.91,2.98,2.98,0,0.0,1.0,SNDL
2020-09-10,3.04,3.04,2.9,3.0,3.0,0,0.0,1.0,SNDL
2020-09-09,3.17,3.33,3.03,3.1,3.1,0,0.0,1.0,SNDL
2020-09-08,3.13,3.18,2.93,3.09,3.09,0,0.0,1.0,SNDL
2020-09-04,3.07,3.1,2.91,3.08,3.08,0,0.0,1.0,SNDL
2020-09-03,3.2,3.2,3.02,3.07,3.07,0,0.0,1.0,SNDL
2020-09-02,3.16,3.2,3.05,3.15,3.15,0,0.0,1.0,SNDL
2020-09-01,3.19,3.25,3.03,3.12,3.12,0,0.0,1.0,SNDL
2020-08-31,3.77,4.05,3.37,3.4,3.4,0,0.0,1.0,SNDL
2020-08-28,3.15,3.6,3.11,3.42,3.42,0,0.0,1.0,SNDL
2020-08-27,3.2,3.27,2.8,3.19,3.19,0,0.0,1.0,SNDL
2020-08-26,3.36,3.4,3.15,3.27,3.27,0,0.0,1.0,SNDL
2020-08-25,3.25,3.4,3.2,3.39,3.39,0,0.0,1.0,SNDL
2020-08-24,3.89,3.89,3.0,3.44,3.44,0,0.0,1.0,SNDL
2020-08-21,3.79,4.08,3.7,3.89,3.89,0,0.0,1.0,SNDL
2020-08-20,3.99,4.18,3.7,3.8,3.8,0,0.0,1.0,SNDL
2020-08-19,4.2,4.28,3.72,4.08,4.08,0,0.0,1.0,SNDL
2020-08-18,4.7,4.7,4.11,4.28,4.28,0,0.0,1.0,SNDL
2020-08-17,4.84,4.9,4.5,4.6,4.6,0,0.0,1.0,SNDL
2020-08-14,5.5,5.58,4.34,4.5,4.5,0,0.0,1.0,SNDL
2020-08-13,6.25,7.78,5.88,7.0,7.0,0,0.0,1.0,SNDL
2020-08-12,5.55,7.3,5.2,5.5,5.5,0,0.0,1.0,SNDL
2020-08-11,5.5,5.6,5.25,5.46,5.46,0,0.0,1.0,SNDL
2020-08-10,5.55,5.6,5.21,5.42,5.42,0,0.0,1.0,SNDL
2020-08-07,5.78,5.8,5.3,5.5,5.5,0,0.0,1.0,SNDL
2020-08-06,5.8,5.89,5.52,5.7,5.7,0,0.0,1.0,SNDL
2020-08-05,5.8,5.85,5.6,5.75,5.75,0,0.0,1.0,SNDL
2020-08-04,5.9,6.2,5.6,5.99,5.99,0,0.0,1.0,SNDL
2020-08-03,6.23,6.24,5.5,5.9,5.9,0,0.0,1.0,SNDL
2020-07-31,6.0,6.0,5.75,5.84,5.84,0,0.0,1.0,SNDL
2020-07-30,5.9,5.98,5.68,5.74,5.74,0,0.0,1.0,SNDL
2020-07-29,6.19,6.5,5.6,6.04,6.04,0,0.0,1.0,SNDL
2020-07-28,6.45,6.6,5.9,6.3,6.3,0,0.0,1.0,SNDL
2020-07-27,7.0,7.0,5.8,5.97,5.97,0,0.0,1.0,SNDL
2020-07-24,6.9,6.99,6.5,6.91,6.91,0,0.0,1.0,SNDL
2020-07-23,7.7,7.7,6.81,6.99,6.99,0,0.0,1.0,SNDL
2020-07-22,8.08,8.08,7.03,7.3,7.3,0,0.0,1.0,SNDL
2020-07-21,8.5,8.5,7.92,8.11,8.11,0,0.0,1.0,SNDL
2020-07-20,8.7,8.7,8.24,8.35,8.35,0,0.0,1.0,SNDL
2020-07-17,8.9,8.95,8.2,8.49,8.49,0,0.0,1.0,SNDL
2020-07-16,9.0,9.4,8.8,9.09,9.09,0,0.0,1.0,SNDL
2020-07-15,8.6,9.2,8.5,8.8,8.8,0,0.0,1.0,SNDL
2020-07-14,8.43,8.5,8.0,8.42,8.42,0,0.0,1.0,SNDL
2020-07-13,8.1,8.99,7.8,8.4,8.4,0,0.0,1.0,SNDL
2020-07-10,7.99,8.2,7.61,8.11,8.11,0,0.0,1.0,SNDL
2020-07-09,8.29,8.3,7.7,7.92,7.92,0,0.0,1.0,SNDL
2020-07-08,7.9,7.9,7.5,7.8,7.8,0,0.0,1.0,SNDL
2020-07-07,8.0,8.0,7.5,7.7,7.7,0,0.0,1.0,SNDL
2020-07-06,8.09,8.15,7.7,8.1,8.1,0,0.0,1.0,SNDL
2020-07-02,8.3,8.3,7.53,7.84,7.84,0,0.0,1.0,SNDL
2020-07-01,8.0,8.27,7.71,8.04,8.04,0,0.0,1.0,SNDL
2020-06-30,8.3,8.3,7.5,7.99,7.99,0,0.0,1.0,SNDL
2020-06-29,8.2,8.28,7.5,8.16,8.16,0,0.0,1.0,SNDL
2020-06-26,8.53,8.53,8.0,8.03,8.03,0,0.0,1.0,SNDL
2020-06-25,8.38,8.5,8.0,8.49,8.49,0,0.0,1.0,SNDL
2020-06-24,9.0,9.0,8.21,8.5,8.5,0,0.0,1.0,SNDL
2020-06-23,8.6,9.3,8.5,9.1,9.1,0,0.0,1.0,SNDL
2020-06-22,8.7,8.79,8.07,8.52,8.52,0,0.0,1.0,SNDL
2020-06-19,9.31,9.5,8.5,8.7,8.7,0,0.0,1.0,SNDL
2020-06-18,9.3,9.85,8.98,9.1,9.1,0,0.0,1.0,SNDL
2020-06-17,10.0,10.2,9.13,9.24,9.24,0,0.0,1.0,SNDL
2020-06-16,10.4,10.6,9.7,10.1,10.1,0,0.0,1.0,SNDL
2020-06-15,9.45,10.2,9.45,9.95,9.95,0,0.0,1.0,SNDL
2020-06-12,9.7,10.5,9.24,9.7,9.7,0,0.0,1.0,SNDL
2020-06-11,9.2,10.2,8.8,9.1,9.1,0,0.0,1.0,SNDL
2020-06-10,11.2,11.4,9.9,11.0,11.0,0,0.0,1.0,SNDL
2020-06-09,11.2,12.5,10.6,11.0,11.0,0,0.0,1.0,SNDL
2020-06-08,8.93,11.0,8.5,10.9,10.9,0,0.0,1.0,SNDL
2020-06-05,8.0,8.5,7.55,8.2,8.2,0,0.0,1.0,SNDL
2020-06-04,8.0,8.25,7.7,8.12,8.12,0,0.0,1.0,SNDL
2020-06-03,8.4,8.5,8.1,8.2,8.2,0,0.0,1.0,SNDL
2020-06-02,8.51,8.7,8.1,8.3,8.3,0,0.0,1.0,SNDL
2020-06-01,8.44,8.85,7.5,8.57,8.57,0,0.0,1.0,SNDL
2020-05-29,8.6,9.0,8.5,8.51,8.51,0,0.0,1.0,SNDL
2020-05-28,8.8,9.6,8.31,8.8,8.8,0,0.0,1.0,SNDL
2020-05-27,9.04,9.3,8.11,8.6,8.6,0,0.0,1.0,SNDL
2020-05-26,9.2,9.84,8.3,9.15,9.15,0,0.0,1.0,SNDL
2020-05-22,6.54,12.8,6.5,8.45,8.45,0,0.0,1.0,SNDL
2020-05-21,5.78,6.2,5.37,6.05,6.05,0,0.0,1.0,SNDL
2020-05-20,5.78,5.9,5.3,5.54,5.54,0,0.0,1.0,SNDL
2020-05-19,6.15,6.15,5.5,5.79,5.79,0,0.0,1.0,SNDL
2020-05-18,6.1,6.9,5.82,6.1,6.1,0,0.0,1.0,SNDL
2020-05-15,4.6,6.99,4.52,5.5,5.5,0,0.0,1.0,SNDL
2020-05-14,4.01,4.1,3.7,3.87,3.87,0,0.0,1.0,SNDL
2020-05-13,5.0,5.0,3.9,3.9,3.9,0,0.0,1.0,SNDL
2020-05-12,5.27,5.29,4.8,4.93,4.93,0,0.0,1.0,SNDL
2020-05-11,5.3,5.3,4.95,5.02,5.02,0,0.0,1.0,SNDL
2020-05-08,5.25,5.48,5.0,5.09,5.09,0,0.0,1.0,SNDL
2020-05-07,5.77,5.8,5.0,5.15,5.15,0,0.0,1.0,SNDL
2020-05-06,5.6,5.9,5.2,5.6,5.6,0,0.0,1.0,SNDL
2020-05-05,5.6,6.0,5.31,5.5,5.5,0,0.0,1.0,SNDL
2020-05-04,6.5,6.5,5.24,5.78,5.78,0,0.0,1.0,SNDL
2020-05-01,5.99,6.7,5.5,6.35,6.35,0,0.0,1.0,SNDL
2020-04-30,5.05,5.9,4.51,5.7,5.7,0,0.0,1.0,SNDL
2020-04-29,4.96,5.0,4.9,4.99,4.99,0,0.0,1.0,SNDL
2020-04-28,5.02,5.25,4.8,4.95,4.95,0,0.0,1.0,SNDL
2020-04-27,5.28,5.4,4.7,4.93,4.93,0,0.0,1.0,SNDL
2020-04-24,5.4,5.4,4.95,5.0,5.0,0,0.0,1.0,SNDL
2020-04-23,5.4,5.4,5.1,5.27,5.27,0,0.0,1.0,SNDL
2020-04-22,5.15,5.5,5.15,5.2,5.2,0,0.0,1.0,SNDL
2020-04-21,5.4,5.9,5.1,5.4,5.4,0,0.0,1.0,SNDL
2020-04-20,5.5,6.0,5.3,5.8,5.8,0,0.0,1.0,SNDL
2020-04-17,5.5,5.7,5.35,5.6,5.6,0,0.0,1.0,SNDL
2020-04-16,5.9,5.9,5.2,5.31,5.31,0,0.0,1.0,SNDL
2020-04-15,6.0,6.0,4.7,5.8,5.8,0,0.0,1.0,SNDL
2020-04-14,6.0,6.0,5.5,5.89,5.89,0,0.0,1.0,SNDL
2020-04-13,6.1,6.2,5.5,5.9,5.9,0,0.0,1.0,SNDL
2020-04-09,5.72,6.2,5.6,6.2,6.2,0,0.0,1.0,SNDL
2020-04-08,5.34,5.8,5.0,5.6,5.6,0,0.0,1.0,SNDL
2020-04-07,5.45,5.5,4.9,5.18,5.18,0,0.0,1.0,SNDL
2020-04-06,5.05,5.4,4.81,5.29,5.29,0,0.0,1.0,SNDL
2020-04-03,5.2,5.4,4.66,4.71,4.71,0,0.0,1.0,SNDL
2020-04-02,5.7,5.9,4.8,4.94,4.94,0,0.0,1.0,SNDL
2020-04-01,6.1,6.4,5.5,5.7,5.7,0,0.0,1.0,SNDL
2020-03-31,5.7,7.5,5.1,6.4,6.4,0,0.0,1.0,SNDL
2020-03-30,9.9,10.4,9.5,9.5,9.5,0,0.0,1.0,SNDL
2020-03-27,9.9,11.6,8.7,10.4,10.4,0,0.0,1.0,SNDL
2020-03-26,8.6,10.5,8.3,10.5,10.5,0,0.0,1.0,SNDL
2020-03-25,8.11,8.6,7.6,8.2,8.2,0,0.0,1.0,SNDL
2020-03-24,8.43,8.6,7.5,7.94,7.94,0,0.0,1.0,SNDL
2020-03-23,8.3,9.27,6.3,7.5,7.5,0,0.0,1.0,SNDL
2020-03-20,7.2,9.45,7.0,7.9,7.9,0,0.0,1.0,SNDL
2020-03-19,6.3,7.0,6.1,6.99,6.99,0,0.0,1.0,SNDL
2020-03-18,6.75,7.0,5.7,6.1,6.1,0,0.0,1.0,SNDL
2020-03-17,7.5,7.5,6.7,6.7,6.7,0,0.0,1.0,SNDL
2020-03-16,6.3,7.3,6.3,6.8,6.8,0,0.0,1.0,SNDL
2020-03-13,8.3,9.03,6.7,7.44,7.44,0,0.0,1.0,SNDL
2020-03-12,8.41,10.5,6.8,8.1,8.1,0,0.0,1.0,SNDL
2020-03-11,11.4,11.4,9.1,9.11,9.11,0,0.0,1.0,SNDL
2020-03-10,12.5,12.8,10.5,10.6,10.6,0,0.0,1.0,SNDL
2020-03-09,12.5,14.4,10.9,12.2,12.2,0,0.0,1.0,SNDL
2020-03-06,14.5,14.75,13.3,13.3,13.3,0,0.0,1.0,SNDL
2020-03-05,16.0,16.5,14.4,14.5,14.5,0,0.0,1.0,SNDL
2020-03-04,15.0,17.0,14.7,16.5,16.5,0,0.0,1.0,SNDL
2020-03-03,14.5,15.0,13.5,14.8,14.8,0,0.0,1.0,SNDL
2020-03-02,14.4,15.4,14.0,14.8,14.8,0,0.0,1.0,SNDL
2020-02-28,14.0,15.6,13.1,14.2,14.2,0,0.0,1.0,SNDL
2020-02-27,14.4,15.0,14.1,14.3,14.3,0,0.0,1.0,SNDL
2020-02-26,14.8,15.1,13.2,14.6,14.6,0,0.0,1.0,SNDL
2020-02-25,16.0,16.1,14.1,14.9,14.9,0,0.0,1.0,SNDL
2020-02-24,15.2,16.2,14.4,15.7,15.7,0,0.0,1.0,SNDL
2020-02-21,14.0,15.7,14.0,15.3,15.3,0,0.0,1.0,SNDL
2020-02-20,13.5,14.4,13.3,14.0,14.0,0,0.0,1.0,SNDL
2020-02-19,13.4,13.9,13.1,13.5,13.5,0,0.0,1.0,SNDL
2020-02-18,13.4,13.95,12.9,13.4,13.4,0,0.0,1.0,SNDL
2020-02-14,12.5,13.6,11.8,13.5,13.5,0,0.0,1.0,SNDL
2020-02-13,11.7,12.3,11.7,11.8,11.8,0,0.0,1.0,SNDL
2020-02-12,11.9,12.0,11.7,11.7,11.7,0,0.0,1.0,SNDL
2020-02-11,11.0,12.0,11.0,11.9,11.9,0,0.0,1.0,SNDL
2020-02-10,12.3,12.6,11.3,11.4,11.4,0,0.0,1.0,SNDL
2020-02-07,12.5,13.1,12.1,12.1,12.1,0,0.0,1.0,SNDL
2020-02-06,13.3,13.66,12.9,12.9,12.9,0,0.0,1.0,SNDL
2020-02-05,14.8,15.4,12.8,13.1,13.1,0,0.0,1.0,SNDL
2020-02-04,14.0,15.5,13.8,14.5,14.5,0,0.0,1.0,SNDL
2020-02-03,12.9,13.8,11.9,13.5,13.5,0,0.0,1.0,SNDL
2020-01-31,15.8,15.8,11.7,12.0,12.0,0,0.0,1.0,SNDL
2020-01-30,19.8,20.4,15.1,15.1,15.1,0,0.0,1.0,SNDL
2020-01-29,26.0,26.3,24.8,25.8,25.8,0,0.0,1.0,SNDL
2020-01-28,26.1,26.4,24.0,26.4,26.4,0,0.0,1.0,SNDL
2020-01-27,24.8,25.9,23.5,25.2,25.2,0,0.0,1.0,SNDL
2020-01-24,28.7,29.0,25.9,26.3,26.3,0,0.0,1.0,SNDL
2020-01-23,29.5,29.9,28.0,28.3,28.3,0,0.0,1.0,SNDL
2020-01-22,34.1,36.5,29.8,30.9,30.9,0,0.0,1.0,SNDL
2020-01-21,37.0,38.8,32.9,33.5,33.5,0,0.0,1.0,SNDL
2020-01-17,33.0,35.4,32.6,34.6,34.6,0,0.0,1.0,SNDL
2020-01-16,35.0,36.6,32.1,32.7,32.7,0,0.0,1.0,SNDL
2020-01-15,29.2,34.9,28.3,33.7,33.7,0,0.0,1.0,SNDL
2020-01-14,28.6,31.5,27.3,28.7,28.7,0,0.0,1.0,SNDL
2020-01-13,27.5,29.5,26.7,29.0,29.0,0,0.0,1.0,SNDL
2020-01-10,29.7,30.05,27.4,27.5,27.5,0,0.0,1.0,SNDL
2020-01-09,27.6,30.05,27.2,30.0,30.0,0,0.0,1.0,SNDL
2020-01-08,29.1,29.4,26.1,27.1,27.1,0,0.0,1.0,SNDL
2020-01-07,29.6,30.2,27.35,28.4,28.4,0,0.0,1.0,SNDL
2020-01-06,28.6,30.5,28.1,29.7,29.7,0,0.0,1.0,SNDL
2020-01-03,28.4,30.0,28.1,28.9,28.9,0,0.0,1.0,SNDL
2020-01-02,31.0,33.6,26.8,30.3,30.3,0,0.0,1.0,SNDL
2019-12-31,24.9,31.0,24.3,30.1,30.1,0,0.0,1.0,SNDL
2019-12-30,23.0,25.2,22.5,24.8,24.8,0,0.0,1.0,SNDL
2019-12-27,23.9,24.4,22.2,22.7,22.7,0,0.0,1.0,SNDL
2019-12-26,24.3,25.0,23.25,23.9,23.9,0,0.0,1.0,SNDL
2019-12-24,24.1,24.8,23.3,23.9,23.9,0,0.0,1.0,SNDL
2019-12-23,23.6,24.72,23.5,23.7,23.7,0,0.0,1.0,SNDL
2019-12-20,24.3,24.8,23.1,23.2,23.2,0,0.0,1.0,SNDL
2019-12-19,23.6,24.5,22.7,24.0,24.0,0,0.0,1.0,SNDL
2019-12-18,25.5,26.1,22.0,22.9,22.9,0,0.0,1.0,SNDL
2019-12-17,25.3,26.1,24.6,25.5,25.5,0,0.0,1.0,SNDL
2019-12-16,25.6,26.6,24.25,25.3,25.3,0,0.0,1.0,SNDL
2019-12-13,24.3,26.1,23.2,25.2,25.2,0,0.0,1.0,SNDL
2019-12-12,21.9,24.4,21.3,24.3,24.3,0,0.0,1.0,SNDL
2019-12-11,20.7,22.6,20.3,22.3,22.3,0,0.0,1.0,SNDL
2019-12-10,23.0,23.0,20.8,20.8,20.8,0,0.0,1.0,SNDL
2019-12-09,20.2,23.3,19.7,22.9,22.9,0,0.0,1.0,SNDL
2019-12-06,20.9,20.9,18.8,19.5,19.5,0,0.0,1.0,SNDL
2019-12-05,20.5,22.0,19.43,20.9,20.9,0,0.0,1.0,SNDL
2019-12-04,23.1,23.1,20.8,21.6,21.6,0,0.0,1.0,SNDL
2019-12-03,22.8,24.3,22.2,23.0,23.0,0,0.0,1.0,SNDL
2019-12-02,23.8,25.4,21.55,23.7,23.7,0,0.0,1.0,SNDL
2019-11-29,26.2,26.4,24.2,24.2,24.2,0,0.0,1.0,SNDL
2019-11-27,26.6,27.1,25.0,25.5,25.5,0,0.0,1.0,SNDL
2019-11-26,27.7,28.27,25.7,26.5,26.5,0,0.0,1.0,SNDL
2019-11-25,30.8,31.5,26.7,27.4,27.4,0,0.0,1.0,SNDL
2019-11-22,32.4,32.4,28.4,29.8,29.8,0,0.0,1.0,SNDL
2019-11-21,28.1,33.0,27.7,32.2,32.2,0,0.0,1.0,SNDL
2019-11-20,30.1,30.1,26.7,27.8,27.8,0,0.0,1.0,SNDL
2019-11-19,28.7,29.6,28.1,28.8,28.8,0,0.0,1.0,SNDL
2019-11-18,30.8,31.3,28.0,28.1,28.1,0,0.0,1.0,SNDL
2019-11-15,32.2,32.2,29.5,31.3,31.3,0,0.0,1.0,SNDL
2019-11-14,34.1,35.7,30.7,32.6,32.6,0,0.0,1.0,SNDL
2019-11-13,38.0,38.5,34.9,36.1,36.1,0,0.0,1.0,SNDL
2019-11-12,38.8,40.2,37.0,38.1,38.1,0,0.0,1.0,SNDL
2019-11-11,38.7,39.4,34.1,38.8,38.8,0,0.0,1.0,SNDL
2019-11-08,35.8,39.0,35.0,38.0,38.0,0,0.0,1.0,SNDL
2019-11-07,32.1,35.6,32.0,35.1,35.1,0,0.0,1.0,SNDL
2019-11-06,28.5,32.5,26.6,32.1,32.1,0,0.0,1.0,SNDL
2019-11-05,29.5,29.9,27.9,29.3,29.3,0,0.0,1.0,SNDL
2019-11-04,32.5,32.5,28.7,29.7,29.7,0,0.0,1.0,SNDL
2019-11-01,32.6,34.0,30.0,31.9,31.9,0,0.0,1.0,SNDL
2019-10-31,32.0,33.0,30.5,32.5,32.5,0,0.0,1.0,SNDL
2019-10-30,33.7,35.43,33.5,33.7,33.7,0,0.0,1.0,SNDL
2019-10-29,37.6,37.6,34.8,35.3,35.3,0,0.0,1.0,SNDL
2019-10-28,39.3,39.6,36.8,38.0,38.0,0,0.0,1.0,SNDL
2019-10-25,38.7,39.7,37.7,39.4,39.4,0,0.0,1.0,SNDL
2019-10-24,40.5,41.22,38.5,39.0,39.0,0,0.0,1.0,SNDL
2019-10-23,38.0,41.2,36.0,40.8,40.8,0,0.0,1.0,SNDL
2019-10-22,39.0,40.0,36.5,38.2,38.2,0,0.0,1.0,SNDL
2019-10-21,40.0,40.2,37.0,39.1,39.1,0,0.0,1.0,SNDL
2019-10-18,41.7,43.5,39.1,41.0,41.0,0,0.0,1.0,SNDL
2019-10-17,40.5,42.5,40.4,42.0,42.0,0,0.0,1.0,SNDL
2019-10-16,44.7,45.1,40.8,41.0,41.0,0,0.0,1.0,SNDL
2019-10-15,44.9,48.5,43.1,44.8,44.8,0,0.0,1.0,SNDL
2019-10-14,44.3,45.0,42.74,44.1,44.1,0,0.0,1.0,SNDL
2019-10-11,44.8,47.5,44.4,44.6,44.6,0,0.0,1.0,SNDL
2019-10-10,51.3,52.2,43.2,45.4,45.4,0,0.0,1.0,SNDL
2019-10-09,45.7,52.5,44.67,52.2,52.2,0,0.0,1.0,SNDL
2019-10-08,44.9,45.4,41.5,44.0,44.0,0,0.0,1.0,SNDL
2019-10-07,46.5,49.2,42.8,45.2,45.2,0,0.0,1.0,SNDL
2019-10-04,51.0,51.0,45.6,46.7,46.7,0,0.0,1.0,SNDL
2019-10-03,46.5,52.1,46.5,49.7,49.7,0,0.0,1.0,SNDL
2019-10-02,48.5,48.5,45.5,46.6,46.6,0,0.0,1.0,SNDL
2019-10-01,48.0,50.0,47.2,48.8,48.8,0,0.0,1.0,SNDL
2019-09-30,41.6,49.0,40.1,47.95,47.95,0,0.0,1.0,SNDL
2019-09-27,46.0,48.0,40.85,41.1,41.1,0,0.0,1.0,SNDL
2019-09-26,57.6,57.6,44.4,44.5,44.5,0,0.0,1.0,SNDL
2019-09-25,62.4,62.4,56.0,56.1,56.1,0,0.0,1.0,SNDL
2019-09-24,67.0,67.25,58.2,61.9,61.9,0,0.0,1.0,SNDL
2019-09-23,71.5,75.7,65.0,67.0,67.0,0,0.0,1.0,SNDL
2019-09-20,76.2,79.6,70.7,70.7,70.7,0,0.0,1.0,SNDL
2019-09-19,84.0,84.0,75.0,75.0,75.0,0,0.0,1.0,SNDL
2019-09-18,87.5,88.0,84.5,85.2,85.2,0,0.0,1.0,SNDL
2019-09-17,88.0,89.5,84.73,87.7,87.7,0,0.0,1.0,SNDL
2019-09-16,87.5,90.6,86.6,87.9,87.9,0,0.0,1.0,SNDL
2019-09-13,86.3,89.8,83.0,87.5,87.5,0,0.0,1.0,SNDL
2019-09-12,86.4,89.4,85.9,86.5,86.5,0,0.0,1.0,SNDL
2019-09-11,80.3,90.0,80.3,86.7,86.7,0,0.0,1.0,SNDL
2019-09-10,80.5,81.3,76.1,80.2,80.2,0,0.0,1.0,SNDL
2019-09-09,77.5,79.05,72.6,77.1,77.1,0,0.0,1.0,SNDL
2019-09-06,80.1,82.1,76.7,77.0,77.0,0,0.0,1.0,SNDL
2019-09-05,78.4,83.3,77.6,80.3,80.3,0,0.0,1.0,SNDL
2019-09-04,82.2,82.3,77.2,78.5,78.5,0,0.0,1.0,SNDL
2019-09-03,79.4,83.0,68.9,82.1,82.1,0,0.0,1.0,SNDL
2019-08-30,80.1,81.3,78.0,79.6,79.6,0,0.0,1.0,SNDL
2019-08-29,87.5,89.8,77.5,78.6,78.6,0,0.0,1.0,SNDL
2019-08-28,89.1,89.6,84.1,87.5,87.5,0,0.0,1.0,SNDL
2019-08-27,95.3,97.0,89.5,89.5,89.5,0,0.0,1.0,SNDL
2019-08-26,95.4,98.5,93.75,95.3,95.3,0,0.0,1.0,SNDL
2019-08-23,95.8,100.0,95.0,96.4,96.4,0,0.0,1.0,SNDL
2019-08-22,99.5,99.5,92.6,96.2,96.2,0,0.0,1.0,SNDL
2019-08-21,99.8,102.78,94.45,100.1,100.1,0,0.0,1.0,SNDL
2019-08-20,103.7,103.9,97.1,100.0,100.0,0,0.0,1.0,SNDL
2019-08-19,104.1,108.9,101.2,104.5,104.5,0,0.0,1.0,SNDL
2019-08-16,110.6,114.9,104.2,105.4,105.4,0,0.0,1.0,SNDL
2019-08-15,109.5,111.2,97.1,110.8,110.8,0,0.0,1.0,SNDL
2019-08-14,102.1,113.3,97.0,110.8,110.8,0,0.0,1.0,SNDL
2019-08-13,102.4,108.8,100.0,103.9,103.9,0,0.0,1.0,SNDL
2019-08-12,114.7,114.7,95.6,104.4,104.4,0,0.0,1.0,SNDL
2019-08-09,122.4,125.2,113.6,115.0,115.0,0,0.0,1.0,SNDL
2019-08-08,129.9,130.5,122.5,123.0,123.0,0,0.0,1.0,SNDL
2019-08-07,130.5,132.2,122.0,128.5,128.5,0,0.0,1.0,SNDL
2019-08-06,120.0,132.1,119.9,130.0,130.0,0,0.0,1.0,SNDL
2019-08-05,106.9,118.2,104.7,117.0,117.0,0,0.0,1.0,SNDL
2019-08-02,84.2,104.8,84.2,104.5,104.5,0,0.0,1.0,SNDL
2019-08-01,130.2,132.2,76.6,84.8,84.8,0,0.0,1.0,SNDL
